Feature ID	Taxon	Confidence
89dcb16ddcbd3c9fcc091fbaf7e8b493	d__Bacteria; p__Proteobacteria; c__Gammaproteobacteria; o__Pseudomonadales; f__Pseudomonadaceae; g__Pseudomonas	0.9996766373657633
501bf699e5e6531ffc49d04bdcc69c7a	d__Bacteria; p__Patescibacteria; c__Saccharimonadia; o__Saccharimonadales; f__LWQ8; g__LWQ8	0.8808167532119511
44cbf32a4ffb4dc55208fe78c56594cb	d__Bacteria; p__Proteobacteria; c__Gammaproteobacteria; o__Pseudomonadales; f__Pseudomonadaceae; g__Pseudomonas	0.9996873386786693
4a25298feaa9cf8b05f00c083e4f7554	d__Bacteria; p__Proteobacteria; c__Gammaproteobacteria; o__Burkholderiales; f__Oxalobacteraceae; g__Janthinobacterium	0.7852274818390884
ea0f4c126d13f30fbc25504c4cb1b1c5	d__Bacteria; p__Proteobacteria; c__Gammaproteobacteria; o__Burkholderiales; f__Methylophilaceae; g__Methylotenera	0.9025823516677137
9a5c8c9f424d0d86525f93813b3fa2cc	d__Bacteria; p__Patescibacteria; c__Saccharimonadia; o__Saccharimonadales; f__LWQ8; g__LWQ8	0.9209289717006014
fceefd5bb4235cfd17fe1781eafdb9b5	d__Bacteria; p__Proteobacteria; c__Gammaproteobacteria; o__Burkholderiales; f__Oxalobacteraceae	0.9919716745196072
640de41d0e27e79f68cd222327ca27d2	d__Bacteria; p__Proteobacteria; c__Gammaproteobacteria; o__Pseudomonadales; f__Pseudomonadaceae; g__Pseudomonas	0.99982980488459
8b93a4f29e9c2691958b6fdac35e66b9	d__Bacteria; p__Proteobacteria; c__Gammaproteobacteria; o__Pseudomonadales; f__Pseudomonadaceae; g__Pseudomonas	0.9996425177503644
5733a1e704d7817f3a3a3950f14ca44f	d__Bacteria; p__Proteobacteria; c__Gammaproteobacteria; o__Pseudomonadales; f__Pseudomonadaceae; g__Pseudomonas	0.9993822303368127
e6e6b6a0f8fd6443bbb1d16fb496829d	d__Bacteria; p__Patescibacteria; c__Saccharimonadia; o__Saccharimonadales; f__Saccharimonadales; g__Saccharimonadales	0.8855195108027116
ea77c6ce1d350818db289e797e32ef37	d__Bacteria; p__Proteobacteria; c__Gammaproteobacteria; o__Burkholderiales; f__Oxalobacteraceae; g__Massilia	0.8015594091586398
a7bf4bab37eb6827797841f7a33b5f66	d__Bacteria; p__Patescibacteria; c__Saccharimonadia; o__Saccharimonadales; f__Saccharimonadales; g__Saccharimonadales	0.918584885412136
4e3a443cabed5110201050b136c09937	d__Bacteria; p__Proteobacteria; c__Gammaproteobacteria; o__Pseudomonadales; f__Pseudomonadaceae; g__Pseudomonas	0.9998351534492409
926526fa0f2b5a6c3e37eba5dba15134	d__Bacteria; p__Proteobacteria; c__Gammaproteobacteria; o__Pseudomonadales; f__Pseudomonadaceae; g__Pseudomonas	0.9997027091062408
dd0f8860fc88ce21ba0c3496bd58401e	d__Bacteria; p__Proteobacteria; c__Gammaproteobacteria; o__Burkholderiales; f__Oxalobacteraceae; g__Massilia	0.8151760537957029
4a5b636019616449426be94f1f7ce6be	d__Bacteria; p__Proteobacteria; c__Gammaproteobacteria; o__Burkholderiales; f__Comamonadaceae	0.9877631868078768
6b572ec65ef942762751af5736bd0b20	d__Bacteria; p__Proteobacteria; c__Gammaproteobacteria; o__Burkholderiales; f__Oxalobacteraceae; g__Massilia	0.806981644756786
a3a462d89ae4c66204634f016f69fedb	d__Bacteria; p__Proteobacteria; c__Gammaproteobacteria; o__Pseudomonadales; f__Pseudomonadaceae; g__Pseudomonas	0.9997023596934465
ff6aab8a4010bb7a1f33bd317e9802e3	d__Bacteria; p__Proteobacteria; c__Gammaproteobacteria; o__Pseudomonadales; f__Pseudomonadaceae; g__Pseudomonas	0.9954180179910184
36643bf515665f3d5597f33507ee34c6	d__Bacteria; p__Proteobacteria; c__Alphaproteobacteria; o__Caulobacterales; f__Caulobacteraceae; g__uncultured	0.803214903133791
0c55839185b1935cadf5727c07f6f5f0	d__Bacteria; p__Proteobacteria; c__Gammaproteobacteria; o__Burkholderiales; f__Comamonadaceae; g__Rhizobacter	0.7552608530619759
c6db6daac39ac3661fa04176bc1fccde	d__Bacteria; p__Proteobacteria; c__Gammaproteobacteria; o__Burkholderiales; f__Oxalobacteraceae; g__Janthinobacterium	0.7421380342206801
d90ebce2616467431b6f67f42ea9eee5	d__Bacteria; p__Proteobacteria; c__Gammaproteobacteria; o__Burkholderiales; f__Comamonadaceae; g__Aquabacterium	0.9757987307947515
893583e95e03c73fb61af9446008d957	d__Bacteria; p__Proteobacteria; c__Gammaproteobacteria; o__Pseudomonadales; f__Pseudomonadaceae; g__Pseudomonas	0.9998765358242175
1276b77f062b2b17f0a0014194e25b35	d__Bacteria; p__Proteobacteria; c__Gammaproteobacteria; o__Burkholderiales; f__Methylophilaceae; g__Methylotenera	0.7303582486854011
5a79335b0dcd68efe7cf7306e7302791	d__Bacteria; p__Proteobacteria; c__Gammaproteobacteria; o__Burkholderiales; f__Comamonadaceae; g__Rhodoferax	0.7777934700115026
de0eb8a291b4197acfa5d2d35a454d2a	d__Bacteria; p__Proteobacteria; c__Gammaproteobacteria; o__Pseudomonadales; f__Pseudomonadaceae; g__Pseudomonas	0.9997483439060832
880bcaaee3d4af6be80496a729937d03	d__Bacteria; p__Actinobacteriota; c__Actinobacteria; o__Frankiales; f__uncultured; g__uncultured	0.9871896636595712
35d3be8f04edd7f29599669b7ee8669d	d__Bacteria; p__Proteobacteria; c__Gammaproteobacteria; o__Burkholderiales; f__Oxalobacteraceae	0.9995949498876178
0cfcfeb3d2e0fc784818991ce77b40cb	d__Bacteria; p__Proteobacteria; c__Gammaproteobacteria; o__Burkholderiales; f__Methylophilaceae; g__Methylotenera	0.7444402195524373
690d0331f99a36b430ded1266ce28a4e	d__Bacteria; p__Actinobacteriota; c__Actinobacteria; o__Frankiales; f__uncultured; g__uncultured	0.9486609049271563
abbe8bd1a4d1d29233e2de4d1a206dac	d__Bacteria; p__Proteobacteria; c__Gammaproteobacteria; o__Burkholderiales; f__Oxalobacteraceae	0.9911623366858268
8d4d7165852cac91ab4889b6ca27f483	d__Bacteria; p__Proteobacteria; c__Gammaproteobacteria; o__Pseudomonadales; f__Moraxellaceae; g__Alkanindiges	0.9936160439511679
ca0dcf32ac54f809fcdcc59fe519db31	d__Bacteria; p__Patescibacteria; c__Saccharimonadia; o__Saccharimonadales; f__LWQ8; g__LWQ8	0.9716002335190143
57be7d1a0e318b23b7028511766fadeb	d__Bacteria; p__Chloroflexi; c__KD4-96; o__KD4-96; f__KD4-96; g__KD4-96	0.9999534922201662
c4eb9ea88871119d317ffeef0cd80e22	d__Bacteria; p__Actinobacteriota; c__Actinobacteria; o__Frankiales; f__uncultured; g__uncultured	0.9677622333299093
8ca2d5559d46a005b989a47c0ae40bfc	d__Bacteria; p__Bacteroidota; c__Bacteroidia; o__Sphingobacteriales; f__Sphingobacteriaceae; g__Mucilaginibacter	0.9966192129120872
6bab31e4f534f915f53cf3ff298891e1	d__Bacteria; p__Proteobacteria; c__Alphaproteobacteria; o__Sphingomonadales; f__Sphingomonadaceae; g__Sphingomonas	0.9918744011078869
9173113b387a38dc3b06217d0eb4a824	d__Bacteria; p__Proteobacteria; c__Alphaproteobacteria; o__Sphingomonadales; f__Sphingomonadaceae	0.9999862753230674
86eec4e2bcf8540f3b572931b4d6309a	d__Bacteria; p__Proteobacteria; c__Gammaproteobacteria; o__Burkholderiales; f__Comamonadaceae; g__Rhodoferax	0.8796558738009638
7d993d5d92d78f7c48a84ddd5b02e8c4	d__Bacteria; p__Proteobacteria; c__Gammaproteobacteria; o__Burkholderiales; f__Oxalobacteraceae	0.9857613376578395
f27195e9f7acd9f16a95f1b1991611db	d__Bacteria; p__Patescibacteria; c__Saccharimonadia; o__Saccharimonadales; f__Saccharimonadales; g__Saccharimonadales	0.9099129492489842
cb80a4a66bf0e6eda035e5fd4109df65	d__Bacteria; p__Proteobacteria; c__Gammaproteobacteria; o__Burkholderiales; f__Methylophilaceae; g__Methylotenera	0.7491549446346062
0a586547875c67da249fa8a10774c423	d__Bacteria; p__Proteobacteria; c__Gammaproteobacteria; o__Burkholderiales; f__Comamonadaceae; g__Rhodoferax	0.7828713681841356
7c8c40e1955bd263b660c1a90c23e64c	d__Bacteria; p__Proteobacteria; c__Gammaproteobacteria; o__Pseudomonadales; f__Moraxellaceae; g__Alkanindiges	0.9924665413916338
dd0564b35f24930f5e2fe2d6513e4228	d__Bacteria; p__Proteobacteria; c__Gammaproteobacteria; o__Pseudomonadales; f__Pseudomonadaceae; g__Pseudomonas	0.9996471761477279
eca80e8e0656864518f58937f893713c	d__Bacteria; p__Actinobacteriota; c__Actinobacteria; o__Frankiales; f__uncultured; g__uncultured	0.9499299811855698
06f6d911d494cc2b64cb15f1e6c1e5a2	d__Bacteria; p__Proteobacteria; c__Gammaproteobacteria; o__Salinisphaerales; f__Solimonadaceae	0.9926168880466217
48a81b80e2c3ff8b827ebf7c657a4468	d__Bacteria; p__Actinobacteriota; c__Actinobacteria; o__Frankiales; f__Sporichthyaceae; g__Sporichthyaceae; s__uncultured_bacterium	0.7601416543887647
fad39a82e7d9f510a46a70d725aa0acb	d__Bacteria; p__Bacteroidota; c__Bacteroidia; o__Chitinophagales; f__Chitinophagaceae; g__uncultured	0.9972742144670969
d7939922fb12450356c0cc93bb38b424	d__Bacteria; p__Proteobacteria; c__Gammaproteobacteria; o__Burkholderiales; f__Oxalobacteraceae	0.9911028447994367
8bc85429808bba02f4a9f4e8309929fa	d__Bacteria; p__Bacteroidota; c__Bacteroidia; o__Sphingobacteriales; f__Sphingobacteriaceae; g__Mucilaginibacter	0.9860707827057826
e96f9d22c06d1ef1983793e0b27fe825	d__Bacteria; p__Proteobacteria; c__Gammaproteobacteria; o__Burkholderiales; f__Comamonadaceae; g__Rhodoferax	0.8059933160652634
616250ca91f7d349d4ff78a80f554b3f	d__Bacteria; p__Verrucomicrobiota; c__Verrucomicrobiae; o__Verrucomicrobiales; f__Verrucomicrobiaceae; g__uncultured; s__uncultured_bacterium	0.7051274869330615
cd07f5e06f80e5539176033892bbafa9	d__Bacteria; p__Proteobacteria; c__Gammaproteobacteria; o__Burkholderiales; f__Oxalobacteraceae; g__Duganella	0.7964712615905278
94ec009c1352c4baa81009008c7ef3dd	d__Bacteria; p__Bacteroidota; c__Bacteroidia; o__Sphingobacteriales; f__env.OPS_17; g__env.OPS_17; s__uncultured_bacterium	0.7218843709243
cea2f13183c45ce323f54ad73c21b8d2	d__Bacteria; p__Proteobacteria; c__Gammaproteobacteria; o__Burkholderiales; f__Comamonadaceae; g__Variovorax	0.7034107495539297
21834b24e2d5b851e6cf38b1381108e8	d__Bacteria; p__Proteobacteria; c__Gammaproteobacteria; o__Xanthomonadales; f__Xanthomonadaceae; g__Arenimonas	0.9047360404305108
2b118283cd85c47d34e3f0a60f7170eb	d__Bacteria; p__Proteobacteria; c__Gammaproteobacteria; o__Burkholderiales; f__Comamonadaceae; g__Rhodoferax	0.8156573780155915
450fc156ffac13ec8f48dfa94d6b314c	d__Bacteria; p__Bdellovibrionota; c__Bdellovibrionia; o__Bacteriovoracales; f__Bacteriovoracaceae; g__Bacteriovorax	0.9996968226501096
a26f16771fd68a3a8d05c26a2ddb4cf5	d__Bacteria; p__Bacteroidota; c__Bacteroidia; o__Chitinophagales; f__Chitinophagaceae; g__Ferruginibacter; s__uncultured_bacterium	0.722626895018604
0c2af407ca1c75d8d4d6b8fe6aa897b8	d__Bacteria; p__Proteobacteria; c__Gammaproteobacteria; o__Burkholderiales; f__Comamonadaceae	0.9872043163794333
9baa4b6afab0be8286ba2be82396efa2	d__Bacteria; p__Proteobacteria; c__Gammaproteobacteria; o__Burkholderiales; f__Oxalobacteraceae	0.9967589238868342
592b9c315c2293fca965b101fb94d403	d__Bacteria; p__Proteobacteria; c__Gammaproteobacteria; o__Pseudomonadales; f__Pseudomonadaceae; g__Pseudomonas	0.9998579291751586
975c7807c3961f8961ff7e3e25c6a663	d__Bacteria; p__Proteobacteria; c__Gammaproteobacteria; o__Pseudomonadales; f__Pseudomonadaceae; g__Pseudomonas	0.9955423405716205
0058a43ab6b8a3ea734b85ddba3f6c3f	d__Bacteria; p__Proteobacteria; c__Gammaproteobacteria; o__Burkholderiales; f__Oxalobacteraceae	0.9902933761603225
46ad90c4ccb536bbab6c631cc7447a45	d__Bacteria; p__Bacteroidota; c__Bacteroidia; o__Chitinophagales; f__Chitinophagaceae; g__Parasediminibacterium; s__uncultured_bacterium	0.714500177545704
2ea08dc5fbdfd8877fe78d4e679e3502	d__Bacteria; p__Proteobacteria; c__Gammaproteobacteria; o__Pseudomonadales; f__Pseudomonadaceae; g__Pseudomonas	0.9995825765587519
ecdea26d52a331abaff9cbe30e385cde	d__Bacteria; p__Proteobacteria; c__Gammaproteobacteria; o__Pseudomonadales; f__Pseudomonadaceae; g__Pseudomonas	0.9994026950585702
57a6361d0d269405a335ac956c768996	d__Bacteria; p__Proteobacteria; c__Gammaproteobacteria; o__Burkholderiales; f__Oxalobacteraceae	0.9906603151854368
62c85f3cc2710e67ff50fc74d23245b1	d__Bacteria; p__Planctomycetota; c__Planctomycetes; o__Planctomycetales; f__uncultured; g__uncultured; s__metagenome	0.9877952331330988
ae9cbd5ad0d56f57b0c56d4328abe69b	d__Bacteria; p__Proteobacteria; c__Gammaproteobacteria; o__Xanthomonadales; f__Xanthomonadaceae; g__Arenimonas	0.8948893398621043
e7d5dccf50ac2e1abc550df3dd2b060c	d__Bacteria; p__Proteobacteria; c__Gammaproteobacteria; o__Pseudomonadales; f__Pseudomonadaceae; g__Pseudomonas	0.9998582443663169
f939606fd408a968e347c25a2e822447	d__Bacteria; p__Proteobacteria; c__Gammaproteobacteria; o__Pseudomonadales; f__Pseudomonadaceae; g__Pseudomonas	0.9997221802676864
d21a864138de9212c87f68256a85b4ca	d__Bacteria; p__Patescibacteria; c__Saccharimonadia; o__Saccharimonadales; f__LWQ8; g__LWQ8	0.9170197712432824
f7d4eaabaeb9a10ffa35ad4707f22544	d__Bacteria; p__Bacteroidota; c__Bacteroidia; o__Chitinophagales; f__Chitinophagaceae; g__Ferruginibacter	0.9728172594454465
b6c5892ae13fddd4359512b8bb73bb70	d__Bacteria; p__Bdellovibrionota; c__Bdellovibrionia; o__Bdellovibrionales; f__Bdellovibrionaceae; g__Bdellovibrio	0.9988313414780214
fef4b688fdac68750f3437e3675523be	d__Bacteria; p__Bacteroidota; c__Bacteroidia; o__Sphingobacteriales; f__env.OPS_17; g__env.OPS_17	0.9986902363231163
d16659c4876fb47e3864555b34a42515	d__Bacteria; p__Proteobacteria; c__Gammaproteobacteria; o__Burkholderiales; f__Comamonadaceae	0.9999898748311986
38b640d3be9a050f0261fe0a6a6e87b0	d__Bacteria; p__Proteobacteria; c__Gammaproteobacteria; o__Burkholderiales; f__Chromobacteriaceae; g__Aquitalea	0.9933170794749613
77dbe020ae462e66892b9edd8964686f	d__Bacteria; p__Proteobacteria; c__Alphaproteobacteria; o__Sphingomonadales; f__Sphingomonadaceae; g__Sphingomonas	0.971472726875383
62dc5e3fbac84db42e516cc3b296202a	d__Bacteria; p__Proteobacteria; c__Gammaproteobacteria; o__Burkholderiales; f__Nitrosomonadaceae; g__Ellin6067	0.9955034943170828
20d1e789cf3342e2a258db1a70fceb2e	d__Bacteria; p__Proteobacteria; c__Gammaproteobacteria; o__Burkholderiales; f__Oxalobacteraceae	0.9991127953852189
0f7400bae736419473787b6545fdc436	d__Bacteria; p__Patescibacteria; c__Parcubacteria; o__Candidatus_Nomurabacteria; f__Candidatus_Nomurabacteria; g__Candidatus_Nomurabacteria; s__uncultured_Parcubacteria	0.8395749677808748
790150911a07a4f13523c03c0b3f33f4	d__Bacteria; p__Proteobacteria; c__Alphaproteobacteria; o__Sphingomonadales; f__Sphingomonadaceae	0.9998775279161256
9f2182f8179ec198b36bc1176dfa0cfa	d__Bacteria; p__Proteobacteria; c__Gammaproteobacteria; o__Burkholderiales; f__Comamonadaceae	0.9999720370780072
1daeaca2267b624790ace976d7ffca19	d__Bacteria; p__Proteobacteria; c__Gammaproteobacteria; o__Burkholderiales; f__Comamonadaceae; g__Rhodoferax	0.7801653610292377
04023f6e93b1afe82c1abc100e20184e	d__Bacteria; p__Proteobacteria; c__Alphaproteobacteria; o__Sphingomonadales; f__Sphingomonadaceae; g__Sphingomonas	0.9418486722479739
4783fb0614ae54850d8bce72943a7451	d__Bacteria; p__Bacteroidota; c__Bacteroidia; o__Chitinophagales; f__Chitinophagaceae; g__Sediminibacterium	0.9712229035268077
12a8cf8519a3354be9ef388abc09d9de	d__Bacteria; p__Proteobacteria; c__Gammaproteobacteria; o__Enterobacterales; f__Enterobacteriaceae; g__Escherichia-Shigella	0.924730888434485
102155f0b0c059326cff40724b56ed2d	d__Bacteria; p__Patescibacteria; c__Saccharimonadia; o__Saccharimonadales; f__Saccharimonadales; g__Saccharimonadales	0.9116878356116731
f96b3e80edc1d3cb3ae55f7385b96769	d__Bacteria; p__Proteobacteria; c__Gammaproteobacteria; o__Burkholderiales; f__Methylophilaceae; g__Methylotenera	0.8874257673824029
ee83327687798b0b61728f84ee9db9fc	d__Bacteria; p__Proteobacteria; c__Gammaproteobacteria; o__Burkholderiales; f__Comamonadaceae	0.9874325863539811
d94ecea0d3eaf8c7c23f2f2d38a7d620	d__Bacteria; p__Proteobacteria; c__Gammaproteobacteria; o__Pseudomonadales; f__Pseudomonadaceae; g__Pseudomonas	0.9998814068591878
bd40af3ff7b1168e3254d85d8d84e885	d__Bacteria; p__Proteobacteria; c__Alphaproteobacteria; o__Sphingomonadales; f__Sphingomonadaceae	0.9997875388010746
26a2146edc579b51235b7634b8843efd	d__Bacteria; p__Proteobacteria; c__Alphaproteobacteria; o__Rhizobiales; f__Beijerinckiaceae	0.7823370982101545
6723a7bb3c6a5aefd40a9bd8a5299e48	d__Bacteria; p__Proteobacteria; c__Gammaproteobacteria; o__Burkholderiales; f__Comamonadaceae; g__Rhodoferax	0.7199238866145301
4d7aae182ca758564c493282d90134e0	d__Bacteria; p__Proteobacteria; c__Gammaproteobacteria; o__Burkholderiales; f__Nitrosomonadaceae; g__Ellin6067	0.9757394827161551
77911ecc3abb0704dc167848a059a826	d__Bacteria; p__Proteobacteria; c__Gammaproteobacteria; o__Pseudomonadales; f__Pseudomonadaceae; g__Pseudomonas	0.9998582494241075
ffab5226f43c52a6c1040d2b5336ca76	d__Bacteria; p__Planctomycetota; c__Planctomycetes; o__Pirellulales; f__Pirellulaceae; g__Pirellula	0.9748984284034826
484b327e04cfe0d819ad55284305fc82	d__Bacteria; p__Proteobacteria; c__Gammaproteobacteria; o__Burkholderiales; f__Comamonadaceae; g__Rhizobacter	0.810579055640068
e6aeac18412081e727d21700b4022ae5	d__Bacteria; p__Bacteroidota; c__Bacteroidia; o__Chitinophagales; f__Chitinophagaceae; g__Parasediminibacterium; s__uncultured_bacterium	0.7242706780932942
8006e7a6a722b555e2f7d302bb88fbd8	d__Bacteria; p__Actinobacteriota; c__Actinobacteria; o__Frankiales; f__Sporichthyaceae; g__Sporichthyaceae; s__uncultured_bacterium	0.7604788706421817
50dac7cb4d1727fb79f5d56270c9fb43	d__Bacteria; p__Proteobacteria; c__Gammaproteobacteria; o__Burkholderiales; f__Oxalobacteraceae	0.9909106629005554
61fe89057972fb851c017ab1e4cb44d5	d__Bacteria; p__Proteobacteria; c__Alphaproteobacteria; o__Sphingomonadales; f__Sphingomonadaceae	0.999839861587584
4fdfe70ce0a865cd868f535c57fcde82	d__Bacteria; p__Bacteroidota; c__Bacteroidia; o__Sphingobacteriales; f__AKYH767; g__AKYH767	0.9983108533485925
585c3a9a8ede1af6c92e1054e5fdc376	d__Bacteria; p__Proteobacteria; c__Gammaproteobacteria; o__Pseudomonadales; f__Pseudomonadaceae; g__Pseudomonas	0.9994274201035573
68d867644cf2cbe07f1482d3db8aea81	d__Bacteria; p__Proteobacteria; c__Gammaproteobacteria; o__Burkholderiales; f__Oxalobacteraceae; g__Massilia	0.7970416417809024
ad20dc2a4b1345f68b55fbba52f5218d	d__Bacteria; p__Proteobacteria; c__Gammaproteobacteria; o__Burkholderiales; f__Oxalobacteraceae	0.9991888488623103
61f1a06be83e846f6da88e8e426e30d0	d__Bacteria; p__Bacteroidota; c__Bacteroidia; o__Sphingobacteriales; f__NS11-12_marine_group; g__NS11-12_marine_group	0.9963726348642936
c538b7f59a79f342a4a2b552f8ad2df7	d__Bacteria; p__Proteobacteria; c__Alphaproteobacteria; o__Caulobacterales; f__Caulobacteraceae; g__Phenylobacterium	0.9694288656470453
52a591da3bdcc5c2e5e0587b0ff30ac5	d__Bacteria; p__Proteobacteria; c__Gammaproteobacteria; o__Pseudomonadales; f__Pseudomonadaceae; g__Pseudomonas	0.9998538760478568
363e1ad593a6e2f3750b4020961a4b89	d__Bacteria; p__Proteobacteria; c__Gammaproteobacteria; o__Burkholderiales; f__Oxalobacteraceae; g__Undibacterium	0.904984229998076
56c511606b726a1439a7151a133fdf32	d__Bacteria; p__Proteobacteria; c__Gammaproteobacteria; o__Pseudomonadales; f__Pseudomonadaceae; g__Pseudomonas	0.9997194196545439
5d4d525abc24189c8c23318459f48823	d__Bacteria; p__Proteobacteria; c__Gammaproteobacteria; o__Burkholderiales; f__Oxalobacteraceae	0.9908883999361798
a516fdf752f3e0d5f1917d1bb3230ce7	d__Bacteria; p__Armatimonadota; c__Fimbriimonadia; o__Fimbriimonadales; f__Fimbriimonadaceae; g__Fimbriimonadaceae; s__uncultured_Armatimonadetes	0.7649149792501969
dd7ba184e837681e630e3907dd62c812	d__Bacteria; p__Proteobacteria; c__Gammaproteobacteria; o__Burkholderiales; f__Comamonadaceae; g__Rhizobacter; s__uncultured_Comamonadaceae	0.7100766186966637
69cfd4b9445272132f662b8c90768211	d__Bacteria; p__Bacteroidota; c__Bacteroidia; o__Chitinophagales; f__Chitinophagaceae; g__Ferruginibacter	0.9963302835044586
46db73181195407c7aba5a9510e3eb01	d__Bacteria; p__Proteobacteria; c__Gammaproteobacteria; o__Burkholderiales; f__Methylophilaceae; g__Methylotenera	0.7759734231136444
efe4f077642a4f47c148281029301f05	d__Bacteria; p__Proteobacteria; c__Gammaproteobacteria; o__Burkholderiales; f__Comamonadaceae; g__Polaromonas	0.9372889428388187
ef6667c4d04703368a1a394b432efe24	d__Bacteria; p__Proteobacteria; c__Gammaproteobacteria; o__Burkholderiales; f__Comamonadaceae	0.9955525465588848
d46c59012f26743632dc4b58404d7aef	d__Bacteria; p__Proteobacteria; c__Gammaproteobacteria; o__Burkholderiales; f__Methylophilaceae; g__Methylotenera	0.739118364795835
fadb050f564bd2326ec938eb0a14f746	d__Bacteria; p__Proteobacteria; c__Gammaproteobacteria; o__Burkholderiales; f__Oxalobacteraceae	0.996308919694228
9706dd25ab2556aa582fd6c5b36a17bc	d__Bacteria; p__Proteobacteria; c__Alphaproteobacteria; o__Rhizobiales; f__Xanthobacteraceae	0.9999923663471736
27f2b71f39e897b30b88b4bf26a478a5	d__Bacteria; p__Proteobacteria; c__Gammaproteobacteria; o__Xanthomonadales; f__Xanthomonadaceae; g__Arenimonas	0.7443376312790252
80867bfa64e743be6b48baedd44367e6	d__Bacteria; p__Proteobacteria; c__Alphaproteobacteria; o__Rhizobiales; f__Beijerinckiaceae; g__alphaI_cluster	0.7058536487766995
c3bb148f66c90bb5da7d336aec0ba683	d__Bacteria; p__Proteobacteria; c__Gammaproteobacteria; o__Pseudomonadales; f__Pseudomonadaceae; g__Pseudomonas	0.9965133393544392
68100f827242897e41baf07ec263458a	d__Bacteria; p__Proteobacteria; c__Gammaproteobacteria; o__Burkholderiales; f__Comamonadaceae; g__Rhizobacter	0.8521232511715486
1b9b1786724c1ed359b20a1e6f12b880	d__Bacteria; p__Proteobacteria; c__Gammaproteobacteria; o__Burkholderiales; f__Comamonadaceae	0.9952338512852998
2c407050c9a15fb43e244421914507b5	d__Bacteria; p__Bacteroidota; c__Bacteroidia; o__Chitinophagales; f__Chitinophagaceae; g__Sediminibacterium	0.9630284684494734
9e6888f50d51b9453e2733fb5b8ab230	d__Bacteria; p__Proteobacteria; c__Gammaproteobacteria; o__Burkholderiales; f__Oxalobacteraceae; g__Actimicrobium	0.9576229314871869
ed3a0e0eae582fadf6d09dd71d1e387b	d__Bacteria; p__Proteobacteria; c__Alphaproteobacteria; o__Rhizobiales; f__Beijerinckiaceae	0.7842692234117405
25569f907087e51dfee1381c1fd77d2a	d__Bacteria; p__Verrucomicrobiota; c__Verrucomicrobiae; o__Chthoniobacterales; f__Chthoniobacteraceae; g__Candidatus_Udaeobacter	0.994373784987475
0106622bf5a1f36af802299e7c9ecc2b	d__Bacteria; p__Proteobacteria; c__Gammaproteobacteria; o__Burkholderiales; f__Methylophilaceae	0.9916209195973166
8634ad4e2fcd1e49ab1321acdcfd2329	d__Bacteria; p__Proteobacteria; c__Gammaproteobacteria; o__Burkholderiales; f__Comamonadaceae	0.981853688730321
bb5f8f9aae1e2919b4c8d78288771db7	d__Bacteria; p__Proteobacteria; c__Gammaproteobacteria; o__Burkholderiales; f__Oxalobacteraceae; g__Duganella	0.7066063675671044
4fd244787a145066aa5529e407ea7472	d__Bacteria; p__Patescibacteria; c__Saccharimonadia; o__Saccharimonadales	0.999950455557218
9f17effb2496ef75e087edf5a9548b45	d__Bacteria; p__Actinobacteriota; c__Acidimicrobiia; o__Microtrichales; f__Ilumatobacteraceae; g__CL500-29_marine_group	0.8176554482846781
4c1f0bd67c3652222f63168cb05cc8e1	d__Bacteria; p__Proteobacteria; c__Gammaproteobacteria; o__Burkholderiales; f__Oxalobacteraceae	0.9962302628528442
413c668337318c2181ce714c61415a0e	d__Bacteria; p__Proteobacteria; c__Gammaproteobacteria; o__Burkholderiales; f__Oxalobacteraceae	0.9995150809707313
f3d5dda831af503e59b8844727721016	d__Bacteria; p__Bacteroidota; c__Bacteroidia; o__Chitinophagales; f__Chitinophagaceae; g__Sediminibacterium	0.9992929593170549
4423b9ffda6905ce88565082d819d21b	d__Bacteria; p__Proteobacteria; c__Gammaproteobacteria; o__Burkholderiales; f__Comamonadaceae; g__Polaromonas	0.943689999890154
c1ac7d8bc43a6291a8e8f2cc49a072c7	d__Bacteria; p__Myxococcota; c__Polyangia; o__Polyangiales; f__Polyangiaceae; g__Pajaroellobacter	0.9552411767792351
30dcf2b0c3f30c3feafc3e5a3f6fa718	d__Bacteria; p__Patescibacteria; c__Saccharimonadia; o__Saccharimonadales; f__LWQ8; g__LWQ8	0.960487240655872
4b287c949031ad118b46c8a7a73bc0fc	d__Bacteria; p__Patescibacteria	0.7687002426739165
e081f450c015a846a19838a9722269ce	d__Bacteria; p__Proteobacteria; c__Gammaproteobacteria; o__Burkholderiales; f__Oxalobacteraceae	0.9969314943775414
5f74201f74612aedcb99eabbad27167d	d__Bacteria; p__Cyanobacteria; c__Cyanobacteriia; o__Chloroplast; f__Chloroplast; g__Chloroplast	0.9999941536482047
5565d7e3aaf84cd547c1ff17f6d23a1f	d__Bacteria; p__Patescibacteria; c__Parcubacteria; o__Candidatus_Nomurabacteria; f__Candidatus_Nomurabacteria; g__Candidatus_Nomurabacteria; s__uncultured_Parcubacteria	0.86127735020671
6b5e0195b45258eca0c840a142d21a6a	d__Bacteria; p__Proteobacteria; c__Gammaproteobacteria; o__Burkholderiales; f__Methylophilaceae	0.9889396979495915
804746be879703ff6a6f4b92fb11772b	d__Bacteria; p__Proteobacteria; c__Alphaproteobacteria; o__Caulobacterales; f__Caulobacteraceae; g__Phenylobacterium	0.9838107359122112
d2ca67aadc2dcf9074fd095c4506f309	d__Bacteria; p__Firmicutes; c__Bacilli; o__Bacillales; f__Bacillaceae; g__Bacillus	0.9840743419867112
548dc43baed54f92b2963fa7a2d26ff2	d__Bacteria; p__Myxococcota; c__Polyangia; o__Polyangiales; f__Polyangiaceae; g__Pajaroellobacter	0.7352017897747095
da15dcca9e1cc567d0093b8cd34800f2	d__Bacteria; p__Acidobacteriota; c__Holophagae; o__Holophagales; f__Holophagaceae; g__Holophagaceae; s__metagenome	0.7284219215794604
142b725b3aeca3200a37ed4f9aef473f	d__Bacteria; p__Proteobacteria; c__Gammaproteobacteria; o__Burkholderiales; f__Methylophilaceae; g__Methylotenera	0.772565577497667
b82f3c9c419e5574d5db99a8e3667894	d__Bacteria; p__Proteobacteria; c__Alphaproteobacteria; o__Rhizobiales; f__Xanthobacteraceae	0.9999777563605654
852b5fe496fcbc4da6c55fa8823904be	d__Bacteria; p__Patescibacteria; c__Saccharimonadia; o__Saccharimonadales; f__Saccharimonadales; g__Saccharimonadales	0.9027774855721721
b7b5e0596d34c8867c92bbbd4665e9a1	d__Bacteria; p__Proteobacteria; c__Gammaproteobacteria; o__Burkholderiales; f__Oxalobacteraceae	0.9884123537080607
458c7632134aa1b7272bf82484e5f838	d__Bacteria; p__Proteobacteria; c__Alphaproteobacteria; o__Rhizobiales; f__Xanthobacteraceae	0.9999890039544717
95e89dd239c92671a94d0043ccf97913	d__Bacteria; p__Myxococcota; c__Polyangia; o__mle1-27; f__mle1-27; g__mle1-27; s__uncultured_bacterium	0.7481137240814438
f6c040bb58fcf31496730fefa7e530f2	d__Bacteria; p__Patescibacteria; c__Saccharimonadia; o__Saccharimonadales; f__LWQ8; g__LWQ8	0.9287886897115151
9c022bdab0033a2c6e2f91634dc808c6	d__Bacteria; p__Proteobacteria; c__Gammaproteobacteria; o__Pseudomonadales; f__Pseudomonadaceae; g__Pseudomonas	0.9997830776464877
c702423ac8b2f9e3e6db1bf2207c0350	d__Bacteria; p__Proteobacteria; c__Alphaproteobacteria; o__Rhizobiales; f__Rhizobiaceae; g__Ochrobactrum	0.7105605726498044
6914d95c7d8afecbe15026a7e8a3a474	d__Bacteria; p__Proteobacteria; c__Alphaproteobacteria; o__Rhizobiales; f__Devosiaceae; g__Devosia	0.7333143328926771
68c4ac84585290b497d3f51730e9b03d	d__Bacteria; p__Bacteroidota; c__Bacteroidia; o__Sphingobacteriales; f__Sphingobacteriaceae; g__Pedobacter; s__Antarctic_bacterium	0.8775741881651209
f67a19515156376e858120f652dec1ee	d__Bacteria; p__Proteobacteria; c__Alphaproteobacteria; o__Sphingomonadales; f__Sphingomonadaceae; g__Sphingomonas	0.9667676223633781
65a695b69df8c4661cbcbe208a4b91d0	d__Bacteria; p__Myxococcota; c__Polyangia; o__Polyangiales; f__Polyangiaceae; g__Pajaroellobacter	0.9612787519416878
c613e8c794c6bdcf6c68a8a58703b8c5	d__Bacteria; p__Proteobacteria; c__Gammaproteobacteria; o__Burkholderiales; f__Sutterellaceae; g__AAP99; s__uncultured_bacterium	0.9941782598505713
8f36ad451007f80f6281929d962c8dc3	d__Bacteria; p__Proteobacteria; c__Gammaproteobacteria; o__Burkholderiales; f__Oxalobacteraceae	0.9991811674128084
815b1a3b195fcd0d8fc7317d9ee8002b	d__Bacteria; p__Proteobacteria; c__Gammaproteobacteria; o__Burkholderiales; f__Comamonadaceae; g__Rhodoferax	0.8378681411920551
a572b3724dc33e631903724edc8ecdc8	d__Bacteria; p__Proteobacteria; c__Gammaproteobacteria; o__Burkholderiales; f__Comamonadaceae; g__Rhodoferax	0.8851919427136403
aae0817e1a79e4d96e93824cb4816c77	d__Bacteria; p__Proteobacteria; c__Gammaproteobacteria; o__Burkholderiales; f__Comamonadaceae; g__Rhizobacter	0.8476069763953238
2e49334a311caf7517e8f950a71da8d4	d__Bacteria; p__Proteobacteria; c__Gammaproteobacteria; o__Burkholderiales; f__Oxalobacteraceae; g__Duganella	0.7230292486297942
0bcd89bb0635b950f7fde3ba987f4487	d__Bacteria; p__Chloroflexi; c__KD4-96; o__KD4-96; f__KD4-96; g__KD4-96; s__uncultured_bacterium	0.8100068996607904
0f216670c35f93958427d619e044ce22	d__Bacteria; p__Proteobacteria; c__Gammaproteobacteria; o__Burkholderiales; f__Comamonadaceae; g__Variovorax	0.7792336064886676
19d60c99cc91c05b018c90e71ef58181	d__Bacteria; p__Proteobacteria; c__Gammaproteobacteria; o__Salinisphaerales; f__Solimonadaceae; g__uncultured	0.815696009997107
3713eea6c09c0b367671a98639c00741	d__Bacteria; p__Proteobacteria; c__Alphaproteobacteria; o__Caulobacterales; f__Caulobacteraceae	0.9999950688332955
d0f97b572230db8d0c7ee10f9050b4f4	d__Bacteria; p__Patescibacteria; c__Parcubacteria; o__Candidatus_Nomurabacteria; f__Candidatus_Nomurabacteria; g__Candidatus_Nomurabacteria; s__uncultured_Parcubacteria	0.8570768282966199
8a73c1e405bcea610e9bc5ac774b0d45	d__Bacteria; p__Bacteroidota; c__Bacteroidia; o__Sphingobacteriales; f__env.OPS_17; g__env.OPS_17	0.9992181018985518
50d858af0e4b756987a4cb9caa128d3a	d__Bacteria; p__Proteobacteria; c__Gammaproteobacteria; o__Burkholderiales; f__Oxalobacteraceae	0.9929045832554181
04da2ea2c4d052f318f67f57f1943e8f	d__Bacteria; p__Bdellovibrionota; c__Bdellovibrionia; o__Bacteriovoracales; f__Bacteriovoracaceae; g__Bacteriovorax; s__Bacteriovorax_stolpii	0.9331218412206918
64233952108d2b6b0d8e7fc9a7158633	d__Bacteria; p__Proteobacteria; c__Gammaproteobacteria; o__Burkholderiales; f__Comamonadaceae	0.9961958050938851
dc008a0754a1c3d19c71a8d2565b2281	d__Bacteria; p__Patescibacteria; c__Saccharimonadia; o__Saccharimonadales; f__LWQ8; g__LWQ8	0.8922649475096393
353ce3b3f86f0e919365d3729de06411	d__Bacteria; p__Planctomycetota; c__Planctomycetes; o__Planctomycetales; f__Schlesneriaceae; g__Schlesneria; s__uncultured_bacterium	0.9192241430907638
0fcfd995100518bbf3056b3c3963e8c6	d__Bacteria; p__Proteobacteria; c__Gammaproteobacteria; o__Xanthomonadales; f__Xanthomonadaceae; g__Arenimonas	0.9398839100690468
cf0453ccad8c671462790f0f03b8af4e	d__Bacteria; p__Proteobacteria; c__Alphaproteobacteria; o__Rhizobiales; f__Beijerinckiaceae	0.8241736676419875
778d5e169929a0db073f73fa6d49ff53	d__Bacteria; p__Proteobacteria; c__Alphaproteobacteria; o__Caulobacterales; f__Caulobacteraceae; g__Phenylobacterium	0.7319169825262469
c7c4017c62be53893e995f534b5d8808	d__Bacteria; p__Proteobacteria; c__Gammaproteobacteria; o__Burkholderiales; f__Oxalobacteraceae	0.998630424513661
3e8c40324032945a28ac0d136362fcbd	d__Bacteria; p__Proteobacteria; c__Alphaproteobacteria; o__Rhizobiales; f__Xanthobacteraceae	0.9994988844763386
f49b21e8030062195123454c14c3de1a	d__Bacteria; p__Proteobacteria; c__Gammaproteobacteria; o__Pseudomonadales; f__Pseudomonadaceae; g__Pseudomonas	0.9996097989165287
e41f7abec6bcda10dbfbe692d2e45107	d__Bacteria; p__Proteobacteria; c__Alphaproteobacteria; o__Caulobacterales; f__Caulobacteraceae; g__Phenylobacterium	0.9787948034360248
9ab2a963d375b1a34c32e999785c5f9b	d__Bacteria; p__Proteobacteria; c__Alphaproteobacteria; o__Sphingomonadales; f__Sphingomonadaceae	0.9995602658670056
43583f4b91118348fddb11f2afe2a7b5	d__Bacteria; p__Acidobacteriota; c__Acidobacteriae; o__Bryobacterales; f__Bryobacteraceae; g__Bryobacter	0.9142968801044731
2ed5740c4465cd7cff3d0f14a80b24f6	d__Bacteria; p__Proteobacteria; c__Gammaproteobacteria; o__Pseudomonadales; f__Pseudomonadaceae; g__Pseudomonas	0.9998294066889293
04ba72a18d7abaa6cc6f65831d48075d	d__Bacteria; p__Proteobacteria; c__Gammaproteobacteria; o__Burkholderiales; f__Oxalobacteraceae; g__Janthinobacterium	0.7835753924594714
3ea3f811a277e7a34082ee85e8766993	d__Bacteria; p__Proteobacteria; c__Alphaproteobacteria; o__Sphingomonadales; f__Sphingomonadaceae	0.9999863080758202
c48e85b71713c8a35dc7947a2a71b93c	d__Bacteria; p__Bacteroidota; c__Bacteroidia; o__Sphingobacteriales; f__env.OPS_17; g__env.OPS_17	0.9152683288677961
fd93b26ed2e0c642d5430a2d91d70175	d__Bacteria; p__Bacteroidota; c__Bacteroidia; o__Chitinophagales; f__Chitinophagaceae; g__uncultured	0.997143502755734
59531492bde5b3524e6a281dee778c33	d__Bacteria; p__Proteobacteria; c__Gammaproteobacteria; o__Burkholderiales; f__Oxalobacteraceae	0.9946174420175853
492a1f7e2dd3924c1025d3babf456536	d__Bacteria; p__Bacteroidota; c__Bacteroidia; o__Chitinophagales; f__Chitinophagaceae; g__Sediminibacterium	0.9566141715677755
d65504ced574250f477b1fc317b1d707	d__Bacteria; p__Proteobacteria; c__Alphaproteobacteria; o__Rhizobiales; f__Xanthobacteraceae	0.9999817976241386
4cb7b09c6c0c14bd30e745935d5366c2	d__Bacteria; p__Proteobacteria; c__Gammaproteobacteria; o__Pseudomonadales; f__Pseudomonadaceae; g__Pseudomonas	0.9997425681473029
4ad90beb91ae6831a68fff9ba010f226	d__Bacteria; p__Actinobacteriota; c__Actinobacteria; o__Micrococcales; f__Micrococcaceae; g__Micrococcus	0.9768223612042636
f5abb1c5de2bd42cd8c72d0e3e5aeb28	d__Bacteria; p__Actinobacteriota; c__Actinobacteria; o__Frankiales; f__uncultured; g__uncultured	0.9808987849331731
2a3fe32f18b77e40110c64995048ce4b	d__Bacteria; p__Proteobacteria; c__Alphaproteobacteria; o__Rhizobiales; f__Xanthobacteraceae	0.9999892500203876
12e27616a96ac477b20bb4a5b5746511	d__Bacteria; p__Acidobacteriota; c__Holophagae; o__Subgroup_7; f__Subgroup_7; g__Subgroup_7	0.9999965025205805
b78eb6029779dae6b0d8ce22664cd538	d__Bacteria; p__Actinobacteriota; c__Acidimicrobiia; o__Microtrichales; f__Ilumatobacteraceae	0.9994168458141409
8cb5de406d0560101b68f7b369d6ceb5	d__Bacteria; p__Proteobacteria; c__Gammaproteobacteria; o__Pseudomonadales; f__Pseudomonadaceae; g__Pseudomonas	0.9994181770900483
e571aa8f430a107ff415fcaf71a12cad	d__Bacteria; p__Cyanobacteria; c__Cyanobacteriia; o__Chloroplast; f__Chloroplast; g__Chloroplast; s__Cicer_arietinum	0.8969231252950056
7ef9404f61adb92cf0fe664c0192424d	d__Bacteria; p__Proteobacteria; c__Alphaproteobacteria; o__Caulobacterales; f__Caulobacteraceae	0.9999998758589497
65b442242799caa2f166136306b5e66c	d__Bacteria; p__Proteobacteria; c__Gammaproteobacteria; o__Burkholderiales; f__A21b; g__A21b; s__uncultured_bacterium	0.8455824609947469
6b29013ef6f70117e1d615c529541dd6	d__Bacteria; p__Proteobacteria; c__Gammaproteobacteria; o__Burkholderiales; f__Oxalobacteraceae; g__Duganella	0.7179230858017738
6441a3a9f93547ff6f580f034dd9ddc0	d__Bacteria; p__Proteobacteria; c__Gammaproteobacteria; o__Burkholderiales; f__Methylophilaceae	0.7278697019834038
39aa9f358073028057742a267e0a9660	d__Bacteria; p__Patescibacteria; c__Berkelbacteria; o__Berkelbacteria; f__Berkelbacteria; g__Berkelbacteria	0.7056615558371768
fcde3b6be9b620c90dd7e8b79cb0fed6	d__Bacteria; p__Proteobacteria; c__Alphaproteobacteria; o__Rhizobiales; f__Xanthobacteraceae	0.999978912462712
e66ec58c79a4ec83fde3fd3bd7bae73c	d__Bacteria; p__Bdellovibrionota; c__Bdellovibrionia; o__Bdellovibrionales; f__Bdellovibrionaceae; g__Bdellovibrio	0.9999586989107451
95376a421f375ae021108496af9138d5	d__Bacteria; p__Proteobacteria; c__Alphaproteobacteria; o__Caulobacterales; f__Caulobacteraceae; g__Phenylobacterium; s__Afipia_genosp.	0.7213812116044984
d07154911d4026967da06e26f83389b7	d__Bacteria; p__Patescibacteria; c__Saccharimonadia; o__Saccharimonadales; f__LWQ8; g__LWQ8	0.7568408808487764
c57cb6fb887dcfc4618049841153e062	d__Bacteria; p__Proteobacteria; c__Alphaproteobacteria; o__Rhizobiales; f__Xanthobacteraceae; g__Tardiphaga	0.9319026339785248
57be09fbb68243ebd3576964e1d8d7a1	d__Bacteria; p__Cyanobacteria; c__Cyanobacteriia; o__Chloroplast; f__Chloroplast; g__Chloroplast	0.9999933185409221
7eff2939aa125d139f10653cfbc657a8	d__Bacteria; p__Bacteroidota; c__Bacteroidia; o__Sphingobacteriales; f__Sphingobacteriaceae; g__Mucilaginibacter	0.9971363928379366
c9ccc81e68e5cc39af4e4638343ed2ea	d__Bacteria; p__Proteobacteria; c__Gammaproteobacteria; o__Salinisphaerales; f__Solimonadaceae; g__Nevskia; s__Nevskia_ramosa	0.9733175070744735
0e9e45059aedfd056a8937aa8075a45f	d__Bacteria; p__Proteobacteria; c__Gammaproteobacteria; o__Pseudomonadales; f__Pseudomonadaceae; g__Pseudomonas	0.9998853231923553
c6c50f9b3212747fefda455e2fdb0b7d	d__Bacteria; p__Proteobacteria; c__Gammaproteobacteria; o__Pseudomonadales; f__Moraxellaceae; g__Alkanindiges	0.998261709743075
9169b917c85d1312ba86d6f9e0fd81a4	d__Bacteria; p__Myxococcota; c__Polyangia; o__Polyangiales; f__Polyangiaceae; g__Pajaroellobacter	0.9435946435062647
e2271d7d8d4b20cc177c203b92fc4d43	d__Bacteria; p__Proteobacteria; c__Gammaproteobacteria; o__Burkholderiales; f__Oxalobacteraceae	0.9979342416755477
99ba31aa964a41c6a586e921fc27a0e3	d__Bacteria; p__Proteobacteria; c__Gammaproteobacteria; o__Pseudomonadales; f__Moraxellaceae; g__Alkanindiges	0.9995299683240694
ef2bbb5a7a5ef1e8e2e45321b77ce788	d__Bacteria; p__Cyanobacteria; c__Cyanobacteriia; o__Leptolyngbyales; f__Leptolyngbyaceae; g__Chamaesiphon_PCC-7430; s__uncultured_Chamaesiphon	0.9218894435896869
eb8cab0f4115d8c12736d246c388bf62	d__Bacteria; p__Actinobacteriota; c__Actinobacteria; o__Frankiales; f__uncultured; g__uncultured	0.9840461955038606
de083257ad789e1c4afe400d472083fe	d__Bacteria; p__Proteobacteria; c__Gammaproteobacteria; o__Burkholderiales	0.9375665093020329
4bf64742bc7325a39f324bb18781a589	d__Bacteria; p__Proteobacteria; c__Gammaproteobacteria; o__Burkholderiales; f__Comamonadaceae	0.9998587091654065
b4388447267ab5748e24795e96a3b235	d__Bacteria; p__Proteobacteria; c__Alphaproteobacteria; o__Sphingomonadales; f__Sphingomonadaceae; g__Sphingomonas	0.9312369345053814
5662aa013d5e70f3b22623766f283ccb	d__Bacteria; p__Bacteroidota; c__Bacteroidia; o__Sphingobacteriales; f__Sphingobacteriaceae; g__Mucilaginibacter	0.994277659439071
b0fd164fa2d8a28db61e74213a0a4202	d__Bacteria; p__Proteobacteria; c__Alphaproteobacteria; o__Rhizobiales; f__Xanthobacteraceae; g__Pseudolabrys	0.984287445612289
392d2c29f3bcc897db8ee066271018a4	d__Bacteria; p__Bacteroidota; c__Bacteroidia; o__Sphingobacteriales; f__Sphingobacteriaceae; g__Mucilaginibacter	0.9987103781365141
9a4b4a4d132ae35d5bc15315d50b5055	d__Bacteria; p__Bacteroidota; c__Bacteroidia; o__Sphingobacteriales; f__Sphingobacteriaceae; g__Mucilaginibacter	0.9975949771423234
443915a9b0236447c5319d9cfad99a87	d__Bacteria; p__Verrucomicrobiota; c__Verrucomicrobiae; o__Opitutales; f__Opitutaceae	0.9999996048430689
49eafa16df5728990f75a47da71e0e02	d__Bacteria; p__Proteobacteria; c__Gammaproteobacteria; o__Burkholderiales; f__Burkholderiaceae; g__Ralstonia	0.9904979193110315
2f6593beb10a38e34d8d23334c0517cc	d__Bacteria; p__Proteobacteria; c__Gammaproteobacteria; o__Pseudomonadales; f__Pseudomonadaceae; g__Pseudomonas	0.9711257508077443
d4296b93a17887590b108a5f69db8638	d__Bacteria; p__Bacteroidota; c__Bacteroidia; o__Sphingobacteriales; f__env.OPS_17; g__env.OPS_17; s__uncultured_bacterium	0.9012103649364249
c3a3a8b5ae05efa2fe6f59836291bd41	d__Bacteria; p__Bacteroidota; c__Bacteroidia; o__Chitinophagales; f__37-13; g__37-13; s__uncultured_Bacteroidetes	0.9590065389690627
ed04a41a24d12abf48e3e1180182b791	d__Bacteria; p__Proteobacteria; c__Gammaproteobacteria; o__Xanthomonadales; f__Xanthomonadaceae; g__uncultured	0.9432530205680877
c0055af77c3e9713c86de562cca631aa	d__Bacteria; p__Proteobacteria; c__Alphaproteobacteria; o__Acetobacterales; f__Acetobacteraceae; g__Acidiphilium; s__Acetobacteraceae_bacterium	0.9042959100480428
c671caba733842fa5ef0a92c8ea0bfda	d__Bacteria; p__Patescibacteria; c__Parcubacteria; o__Candidatus_Nomurabacteria; f__Candidatus_Nomurabacteria; g__Candidatus_Nomurabacteria; s__uncultured_bacterium	0.884912623128079
6dad76af16be5efd6842a00c4c80a1f1	d__Bacteria; p__Actinobacteriota; c__Actinobacteria; o__Micrococcales; f__Microbacteriaceae	0.9995589504991436
18a0c7c97c39c3e1e155ff8b4bcbf3a5	d__Bacteria; p__Patescibacteria; c__Saccharimonadia; o__Saccharimonadales; f__Saccharimonadales; g__Saccharimonadales; s__uncultured_bacterium	0.7669243711616481
d2a80f4dab4427bc7bcc0c0bf4abe758	d__Bacteria; p__Bacteroidota; c__Bacteroidia; o__Chitinophagales; f__Chitinophagaceae; g__Sediminibacterium	0.9991755524011834
abb67b327125264e5806cba4071a2b64	d__Bacteria; p__Cyanobacteria; c__Cyanobacteriia; o__Leptolyngbyales; f__Leptolyngbyaceae; g__Leptolyngbyaceae; s__uncultured_bacterium	0.9538684011546888
635626fee3d916fa5a659ca9348066b9	d__Bacteria; p__Proteobacteria; c__Alphaproteobacteria; o__Caulobacterales; f__Caulobacteraceae	0.9999948489466968
472159a0fac9564476071bdc03e0b712	d__Bacteria; p__Planctomycetota; c__Planctomycetes; o__Planctomycetales; f__uncultured; g__uncultured; s__metagenome	0.9830396459214445
ff24acaafc6ae928e96177c974cab939	d__Bacteria; p__Patescibacteria; c__Parcubacteria; o__Candidatus_Nomurabacteria; f__Candidatus_Nomurabacteria; g__Candidatus_Nomurabacteria; s__uncultured_bacterium	0.9621307201290155
e3bdbe04ca4c0e18c96e4da665a29416	d__Bacteria; p__Actinobacteriota; c__Actinobacteria; o__Micrococcales; f__Microbacteriaceae	0.9995672288951628
1c7a0b88fd2a28643ec61d64ebc235de	d__Bacteria; p__Proteobacteria; c__Alphaproteobacteria; o__Rhizobiales; f__Xanthobacteraceae; g__Pseudolabrys	0.9794811347099818
48152f1230b4d61a4157e63c5250502a	d__Bacteria; p__Gemmatimonadota; c__Gemmatimonadetes; o__Gemmatimonadales; f__Gemmatimonadaceae; g__Gemmatimonas	0.9307826489208549
da7bacf9e004c33a0dafe624fb2474ce	d__Bacteria; p__Acidobacteriota; c__Acidobacteriae; o__Bryobacterales; f__Bryobacteraceae; g__Bryobacter	0.9102385320996536
7fbfd27cb04e461c5a2d162c5759d97c	d__Bacteria; p__Proteobacteria; c__Alphaproteobacteria; o__Rhizobiales; f__Rhizobiales_Incertae_Sedis; g__uncultured	0.8219487609146189
8342fc3170604aa62b436695a4ed54fa	d__Bacteria; p__Proteobacteria; c__Gammaproteobacteria; o__Pseudomonadales; f__Pseudomonadaceae; g__Pseudomonas	0.9996667258342335
26a9654e2d7b275d01112c6bbb0cfd83	d__Bacteria; p__Proteobacteria; c__Gammaproteobacteria; o__Burkholderiales; f__Comamonadaceae; g__Polaromonas	0.8673897017001427
6e674981fb35a541f8f462e9afe274a8	d__Bacteria; p__Proteobacteria; c__Gammaproteobacteria; o__Burkholderiales; f__Oxalobacteraceae	0.9930745456432021
b3a14fc89c4ffb5aaa0093d858814d28	d__Bacteria; p__Proteobacteria; c__Gammaproteobacteria	0.9992043730277275
8c501a9e33cb3042b964048efc2f4cf9	d__Bacteria; p__Proteobacteria; c__Alphaproteobacteria; o__Reyranellales; f__Reyranellaceae; g__Reyranella	0.9999974231804983
d7d550d590cf091e8d7483546d967fb0	d__Bacteria; p__Bdellovibrionota; c__Bdellovibrionia; o__Bdellovibrionales; f__Bdellovibrionaceae; g__Bdellovibrio; s__Bdellovibrio_sp.	0.8885176308036746
084b87de08e3e1b98a23adfedf053c7e	d__Bacteria; p__Acidobacteriota; c__Acidobacteriae; o__Bryobacterales; f__Bryobacteraceae; g__Bryobacter; s__Bryobacter_aggregatus	0.999284226508496
ea3906aa179adcad29d774f95a07afa8	d__Bacteria; p__Actinobacteriota; c__Actinobacteria; o__Frankiales; f__uncultured; g__uncultured	0.9756931555303586
82c916611b50b12ae40eff1ba6e53a5c	d__Bacteria; p__Proteobacteria; c__Alphaproteobacteria; o__Rhizobiales; f__Rhizobiales_Incertae_Sedis; g__uncultured	0.8829260433473262
b58637b3f3ce91f51f67c2476ee07ec9	d__Bacteria; p__Bacteroidota; c__Bacteroidia; o__Chitinophagales; f__Chitinophagaceae; g__Sediminibacterium	0.9987003525909699
30c5b8aacc0bb13c5211ace13f30482c	d__Bacteria; p__Bacteroidota; c__Bacteroidia; o__Sphingobacteriales; f__Sphingobacteriaceae; g__Mucilaginibacter	0.9942135972290962
0d28a84ce680ceb9f596426bb2a59141	d__Bacteria; p__Patescibacteria; c__Parcubacteria; o__Candidatus_Kaiserbacteria; f__Candidatus_Kaiserbacteria; g__Candidatus_Kaiserbacteria; s__uncultured_bacterium	0.8251146636585625
aa08e75ada6db3517a553996e309154f	d__Bacteria; p__Cyanobacteria; c__Cyanobacteriia; o__Leptolyngbyales; f__Leptolyngbyaceae; g__Leptolyngbyaceae; s__uncultured_bacterium	0.8738173974510902
ba6e484233c998f42b998c390dac426c	d__Bacteria; p__Bacteroidota; c__Bacteroidia; o__Chitinophagales; f__Chitinophagaceae; g__Ferruginibacter	0.9477523940682698
ded0b1bf62c9e40f2730cd40576d484d	d__Bacteria; p__Patescibacteria; c__Saccharimonadia; o__Saccharimonadales; f__LWQ8; g__LWQ8	0.8908965018743482
7aa48ecbccfafd30ce298d597e141975	d__Bacteria; p__Patescibacteria; c__Saccharimonadia; o__Saccharimonadales; f__Saccharimonadales; g__Saccharimonadales	0.8779414382552287
1b38cf1924467457d26104c7fd441c5a	d__Bacteria; p__Proteobacteria; c__Gammaproteobacteria; o__Burkholderiales; f__Methylophilaceae; g__Methylotenera	0.7178698686094194
ed78254c831e3b0ceea807f4a546c8fa	d__Bacteria; p__Proteobacteria; c__Alphaproteobacteria; o__Rhizobiales; f__Rhizobiales_Incertae_Sedis; g__uncultured	0.882795022660482
70700dbf6e6c3afb74b2eb125d6605d7	d__Bacteria; p__Proteobacteria; c__Alphaproteobacteria; o__Caulobacterales; f__Caulobacteraceae	0.9999944336357268
3d8592d941830058b197abf05818c319	d__Bacteria; p__Acidobacteriota; c__Holophagae; o__Subgroup_7; f__Subgroup_7; g__Subgroup_7	0.9999955174115309
614b0fd027c57c3895fed15b9d4079d4	d__Bacteria; p__Cyanobacteria; c__Cyanobacteriia; o__Chloroplast; f__Chloroplast; g__Chloroplast; s__Cicer_arietinum	0.8982578791458566
9091510a980095cdea25f13e37b500da	d__Bacteria; p__Myxococcota; c__Polyangia; o__Polyangiales; f__Polyangiaceae; g__Pajaroellobacter	0.7639864436287587
0eacfe2bc77a8d41d3fbc07e0d9b4404	d__Bacteria; p__Bacteroidota; c__Bacteroidia; o__Chitinophagales; f__Chitinophagaceae; g__Ferruginibacter	0.9952723072000115
322c165ec713b737c7f915a62c98ad11	d__Bacteria; p__Actinobacteriota; c__Actinobacteria; o__Micrococcales; f__Micrococcaceae	0.9990379184359015
4a4d4f394b947715d8ad902965184d2d	d__Bacteria; p__Actinobacteriota; c__Acidimicrobiia; o__Microtrichales; f__Ilumatobacteraceae; g__CL500-29_marine_group; s__metagenome	0.7601139564435012
62d6a4a8069d6ee0c4a1034e4164506e	d__Bacteria; p__Patescibacteria; c__Parcubacteria; o__Candidatus_Nomurabacteria; f__Candidatus_Nomurabacteria; g__Candidatus_Nomurabacteria	0.8248760955431206
cb6d1805b85b6e23e2f04be01e44933b	d__Bacteria; p__Verrucomicrobiota; c__Verrucomicrobiae; o__Opitutales; f__Opitutaceae; g__uncultured	0.7491235286765804
0d0b351353742ef09c649420729d5227	d__Bacteria; p__Bacteroidota; c__Bacteroidia; o__Chitinophagales; f__Chitinophagaceae; g__Sediminibacterium	0.9988446976612111
5122a9405c06fbda020ab990d16463c9	d__Bacteria; p__Gemmatimonadota; c__Gemmatimonadetes; o__Gemmatimonadales; f__Gemmatimonadaceae; g__Gemmatimonas	0.9508390771751669
7cebc85dcc9f4eb4a4d01d56bd58bad8	d__Bacteria; p__Proteobacteria; c__Alphaproteobacteria; o__Rhizobiales; f__Rhizobiales_Incertae_Sedis; g__uncultured	0.9108589812291725
4514961dcb2ff1d58f5a292f886b23b4	d__Bacteria; p__Planctomycetota; c__vadinHA49; o__vadinHA49; f__vadinHA49; g__vadinHA49; s__uncultured_Antarctic	0.883052710827546
677c36d4f775d6450436ab19459cf05e	d__Bacteria; p__Proteobacteria; c__Gammaproteobacteria; o__Burkholderiales; f__Rhodocyclaceae; g__Sulfuritalea	0.9742454346159195
91cd68886d8e8b4ba3ea437d8f4fc908	d__Bacteria; p__Proteobacteria; c__Gammaproteobacteria; o__Burkholderiales; f__Comamonadaceae; g__Polaromonas; s__beta_proteobacterium	0.7602708196539775
f89a242d963c704df83cef2f84e2736d	d__Bacteria; p__Proteobacteria; c__Alphaproteobacteria; o__Rhizobiales; f__Beijerinckiaceae; g__Methylorosula	0.9940981119373542
fb7c8301fdc0e13036d49ea39d17e8f8	d__Bacteria	0.9999982091204773
8bcb4ae3f9ebd7b14e6ab2ad9eae379f	d__Bacteria; p__Fusobacteriota; c__Fusobacteriia; o__Fusobacteriales; f__Fusobacteriaceae; g__Cetobacterium; s__uncultured_bacterium	0.8599848547226216
f4f7d6c9d8ec0ea47d0660f126a2a937	d__Bacteria	0.9998959567051745
5065be0272cdf470811d8087f5396136	d__Bacteria; p__Proteobacteria; c__Alphaproteobacteria; o__Rhizobiales; f__Xanthobacteraceae; g__Pseudolabrys	0.9803492398728786
d37bf970c0643533316ff396bcc88035	d__Bacteria; p__Bacteroidota; c__Bacteroidia; o__Sphingobacteriales; f__Sphingobacteriaceae; g__Mucilaginibacter	0.9913616247332416
4fef8a268cdb49f4a0617ec621fa6261	d__Bacteria; p__Bacteroidota; c__Bacteroidia; o__Chitinophagales; f__Chitinophagaceae	0.9981195537937514
0105c67da3159b7d728202ed8c5236ab	d__Bacteria; p__Cyanobacteria; c__Cyanobacteriia; o__Leptolyngbyales; f__Leptolyngbyaceae; g__Chamaesiphon_PCC-7430; s__uncultured_Chamaesiphon	0.9220683667557766
159a9bc4da5e99870dc8a2ecba2ccead	d__Bacteria; p__Bacteroidota; c__Bacteroidia; o__Chitinophagales; f__Chitinophagaceae; g__uncultured	0.9974388242137591
5df90000af8953eea2b7b29a1d70bf3d	d__Bacteria; p__Proteobacteria; c__Alphaproteobacteria; o__Caulobacterales; f__Caulobacteraceae	0.9999961642255363
415022ef5eb0ff4f40004c2aadeb4de1	d__Bacteria; p__Proteobacteria; c__Gammaproteobacteria; o__Pseudomonadales; f__Pseudomonadaceae; g__Pseudomonas	0.9994124962822477
d0d2c198eaae4d9116c9476feda79d8d	d__Bacteria; p__Bacteroidota; c__Bacteroidia; o__Chitinophagales; f__Chitinophagaceae; g__uncultured	0.9793833420987467
9ecafcf6806f367bb1ada591b41c4070	d__Bacteria; p__Proteobacteria; c__Gammaproteobacteria; o__Pseudomonadales; f__Pseudomonadaceae; g__Pseudomonas	0.9997896867473539
9b2c5e80b810682210144dacc4a7fc9f	d__Bacteria; p__Actinobacteriota; c__Actinobacteria; o__Frankiales; f__Sporichthyaceae; g__Longivirga	0.9974552832849308
f02664b5e92e66b4a4b9c3cc033ccfc6	d__Bacteria; p__Proteobacteria; c__Gammaproteobacteria; o__Burkholderiales; f__Gallionellaceae	0.920475071895044
75bc9f715431694c91b6018a166d7e2d	d__Bacteria; p__Bacteroidota; c__Bacteroidia; o__Sphingobacteriales; f__env.OPS_17; g__env.OPS_17	0.999382232574718
606d6a55a61cc2584f35a2d3c26537b5	d__Bacteria; p__Planctomycetota; c__Planctomycetes; o__Gemmatales; f__Gemmataceae; g__Fimbriiglobus	0.9390779258784876
638de1ac392955528ed3fe2b4c935855	d__Bacteria; p__Proteobacteria; c__Alphaproteobacteria; o__Reyranellales; f__Reyranellaceae; g__Reyranella	0.9997845990390524
f1944c8404261fdadade4529843c1990	d__Bacteria; p__Proteobacteria; c__Gammaproteobacteria; o__Burkholderiales; f__Comamonadaceae	0.9964402724493571
ddfb285ea0f635b10a66ee1eaa272020	d__Bacteria; p__Bacteroidota; c__Bacteroidia; o__Flavobacteriales; f__Flavobacteriaceae; g__Flavobacterium	0.9998244266008516
3ad25b9a02b81df7bce23c314739dcda	d__Bacteria; p__Chloroflexi; c__P2-11E; o__P2-11E; f__P2-11E; g__P2-11E; s__uncultured_bacterium	0.9997278208765756
baff279ee4a3f8c99d9fef7ded5fcc92	d__Bacteria; p__Bacteroidota; c__Bacteroidia; o__Sphingobacteriales; f__KD3-93; g__KD3-93; s__metagenome	0.8526681864963679
ec6014ff3d895afe3b431440f4b77c2c	d__Bacteria; p__Actinobacteriota; c__Acidimicrobiia; o__Microtrichales; f__Ilumatobacteraceae; g__CL500-29_marine_group	0.8297717374364365
c1046a551aee160148e65faa28043e9c	d__Bacteria; p__Proteobacteria; c__Gammaproteobacteria; o__Pseudomonadales; f__Pseudomonadaceae; g__Pseudomonas	0.9996086120682719
61162674c43c0074d69369cf1a79250d	d__Bacteria; p__Planctomycetota; c__Phycisphaerae; o__Tepidisphaerales; f__WD2101_soil_group; g__WD2101_soil_group; s__uncultured_bacterium	0.884838278706052
24f3a6f8f49660fce2a9df9b8699ba89	d__Bacteria; p__Proteobacteria; c__Gammaproteobacteria; o__Pseudomonadales; f__Moraxellaceae; g__[Agitococcus]_lubricus_group; s__uncultured_bacterium	0.8842086003149061
b094656825dfab8d0ddc7e03b735e37e	d__Bacteria; p__Planctomycetota; c__Planctomycetes; o__Isosphaerales; f__Isosphaeraceae	0.9998988512029958
8832b7978cb0be545e21e2bc6dc7d3d4	d__Bacteria; p__Proteobacteria; c__Alphaproteobacteria; o__Sphingomonadales; f__Sphingomonadaceae; g__Sphingomonas	0.933011828674838
c1ad6cc3f2adbdfcf2cf550a2c5c35ea	d__Bacteria; p__Firmicutes; c__Bacilli; o__Paenibacillales; f__Paenibacillaceae; g__Paenibacillus	0.997681198133734
456e7c8debb7297cf4ecef64f90b7e60	d__Bacteria; p__Proteobacteria; c__Alphaproteobacteria; o__Micropepsales; f__Micropepsaceae; g__uncultured	0.9740997788041771
27ea52cf8f61d4a1cff64467f9c1a713	d__Bacteria; p__Proteobacteria; c__Gammaproteobacteria; o__Burkholderiales; f__Nitrosomonadaceae; g__Ellin6067	0.9770209442730814
db889ea0e3c9a0fda986d9da03adfa36	d__Bacteria; p__Bacteroidota; c__SJA-28; o__SJA-28; f__SJA-28; g__SJA-28; s__uncultured_bacterium	0.874058924946928
06379077a648a3beb0655876f7f1e664	d__Bacteria; p__Proteobacteria; c__Gammaproteobacteria; o__Xanthomonadales; f__Xanthomonadaceae; g__uncultured; s__uncultured_proteobacterium	0.8213705656497138
d6d1a0cec7199700f2e1a0cf4c7a668f	d__Bacteria; p__Bdellovibrionota; c__Bdellovibrionia; o__Bdellovibrionales; f__Bdellovibrionaceae; g__Bdellovibrio	0.9999938124906853
844ab433d4d3d83a3c6d0e5243a9e94b	d__Bacteria; p__Proteobacteria; c__Gammaproteobacteria; o__Diplorickettsiales; f__Diplorickettsiaceae; g__Aquicella; s__unidentified	0.8712357891293762
0b7aa2ed8fd0bad7b1805b976f4dd0fe	d__Bacteria; p__Actinobacteriota; c__Actinobacteria; o__Corynebacteriales; f__Nocardiaceae; g__Rhodococcus	0.9998194356659921
4dad5a4756d0d0a80adc9466fe848d05	d__Bacteria; p__Firmicutes; c__Bacilli; o__Lactobacillales; f__Enterococcaceae; g__Enterococcus	0.9662150659931272
bfbaa24bebf195bb06eb716f47961310	d__Bacteria; p__Bacteroidota; c__Bacteroidia; o__Chitinophagales; f__Chitinophagaceae; g__Parasediminibacterium	0.9990594077116189
f5b5aba9d3e3749a6ddd145d83a9b6a3	d__Bacteria; p__Patescibacteria; c__Parcubacteria; o__Candidatus_Nomurabacteria; f__Candidatus_Nomurabacteria; g__Candidatus_Nomurabacteria; s__uncultured_Parcubacteria	0.8011575751594999
6058d5ea57a31226022753b6646e98b5	d__Bacteria; p__Myxococcota; c__Polyangia; o__Polyangiales; f__Polyangiaceae; g__Aetherobacter; s__uncultured_bacterium	0.8733184150760728
a6bc531c40374744e8c8cf1c603bd61c	d__Bacteria; p__Proteobacteria; c__Gammaproteobacteria; o__Pseudomonadales; f__Pseudomonadaceae; g__Pseudomonas	0.9996895057492037
9eb3075148c01fa8d5df03e80283cc92	d__Bacteria; p__Myxococcota; c__Polyangia; o__Polyangiales; f__Polyangiaceae; g__Pajaroellobacter	0.7258953722436864
ffea08a4f0101d09584215c0b53a9133	d__Bacteria; p__Proteobacteria; c__Gammaproteobacteria; o__Diplorickettsiales; f__Diplorickettsiaceae; g__uncultured; s__uncultured_bacterium	0.8373828992637709
a0da306126a7398ce5bec771a98ec582	d__Bacteria; p__Patescibacteria; c__Parcubacteria; o__Candidatus_Nomurabacteria; f__Candidatus_Nomurabacteria; g__Candidatus_Nomurabacteria	0.8659041826524825
6929a07245f29eeede348d63ff3e3c76	d__Bacteria; p__Bdellovibrionota; c__Bdellovibrionia; o__Bdellovibrionales; f__Bdellovibrionaceae; g__Bdellovibrio	0.998502876881279
d7c992801ed595a811534265d9864f72	d__Bacteria; p__Bacteroidota; c__Bacteroidia; o__Chitinophagales; f__Chitinophagaceae; g__Parasediminibacterium	0.9990842183160462
ee621e59d4013f4f8d157b6c6791575e	d__Bacteria; p__Verrucomicrobiota; c__Verrucomicrobiae; o__Verrucomicrobiales; f__Verrucomicrobiaceae; g__Prosthecobacter	0.9713843807334075
51e5b3b8fc18ecb7e0ed5be07032691e	d__Bacteria; p__Proteobacteria; c__Gammaproteobacteria; o__Diplorickettsiales; f__Diplorickettsiaceae; g__Aquicella	0.9984523122119087
8eb5ada0459a791ab6a7f12f947e6493	d__Bacteria; p__Patescibacteria; c__Parcubacteria; o__Candidatus_Nomurabacteria; f__Candidatus_Nomurabacteria; g__Candidatus_Nomurabacteria; s__uncultured_bacterium	0.991978110592489
d663feefa87be68c25b8f4f7a93e20e1	d__Bacteria; p__Bacteroidota; c__Bacteroidia; o__Chitinophagales; f__Chitinophagaceae; g__Ferruginibacter	0.9727211305450365
c3ffc6c6e45ccd38fd78bbba908bc5d4	d__Bacteria; p__Proteobacteria; c__Alphaproteobacteria; o__Acetobacterales; f__Acetobacteraceae; g__Acidiphilium; s__Acetobacteraceae_bacterium	0.8164086346516256
e5c7e36515a4f175487bdc8dcfdf2453	d__Bacteria; p__Proteobacteria; c__Alphaproteobacteria; o__Rhizobiales; f__Rhizobiales_Incertae_Sedis; g__uncultured	0.901893265909454
957c4d30c2fce8d0869f10ec1d3a6e38	d__Bacteria; p__Proteobacteria; c__Gammaproteobacteria; o__Diplorickettsiales; f__Diplorickettsiaceae; g__Aquicella	0.9992148976756202
58ab61455766429d759ee6c5b36059f1	d__Bacteria; p__Actinobacteriota; c__Acidimicrobiia; o__Microtrichales	0.7098434980615649
a06f70698b320b0ceb65f0843381e333	d__Bacteria; p__Bacteroidota; c__Bacteroidia; o__Chitinophagales; f__37-13; g__37-13; s__uncultured_Bacteroidetes	0.963768917863965
23484cbc2d0e23c55bcf2c6533b08ac4	d__Bacteria; p__Bdellovibrionota; c__Oligoflexia; o__053A03-B-DI-P58; f__053A03-B-DI-P58; g__053A03-B-DI-P58; s__uncultured_bacterium	0.9920767107773726
b82c22534313745748e850791df52df1	d__Bacteria; p__Proteobacteria; c__Alphaproteobacteria; o__Caulobacterales; f__Caulobacteraceae; g__Phenylobacterium	0.8033535212487746
35be28b397ec1636d15738a93573df28	d__Bacteria; p__Bacteroidota; c__Bacteroidia; o__Sphingobacteriales; f__Sphingobacteriaceae; g__Mucilaginibacter	0.993618798224634
26a235a7a2843e4d0c4be318cb97289d	d__Bacteria; p__Planctomycetota; c__Planctomycetes; o__Planctomycetales; f__Schlesneriaceae; g__Schlesneria; s__uncultured_bacterium	0.9314901053888518
fd9ff72e96d1d376cb7d3a162f652983	d__Bacteria; p__Proteobacteria; c__Alphaproteobacteria; o__Azospirillales; f__Azospirillaceae	0.9187640201346404
bf388960b2f2e1abe5f2f5a6a212acbc	d__Bacteria; p__Bacteroidota; c__Kapabacteria; o__Kapabacteriales; f__Kapabacteriales; g__Kapabacteriales; s__uncultured_bacterium	0.9973409258409515
bf8a61aba801ba564d152bd216ba4579	d__Bacteria; p__Bacteroidota; c__Bacteroidia; o__Sphingobacteriales; f__env.OPS_17; g__env.OPS_17	0.9995788736994349
9d1ae4189f58053ae00837ff12b70c84	d__Bacteria; p__Cyanobacteria; c__Cyanobacteriia; o__Chloroplast; f__Chloroplast; g__Chloroplast; s__Trachydiscus_minutus	0.9999681522053783
2c89929b847d83ec4f6369fa4b11becb	d__Bacteria; p__Myxococcota; c__Polyangia; o__Polyangiales; f__Polyangiaceae; g__Pajaroellobacter	0.9642400452457686
4521ac61fb8264ecce494581b8ef2409	d__Bacteria; p__Bacteroidota; c__Bacteroidia; o__Cytophagales; f__Hymenobacteraceae; g__Hymenobacter	0.9998691916319661
25ded45ff155b90d31a4b65ab0dab6db	d__Bacteria; p__Planctomycetota; c__vadinHA49; o__vadinHA49; f__vadinHA49; g__vadinHA49	0.9998917226797363
d1a228b4f4cb1263ae1efc7c9665e7d0	d__Bacteria; p__Proteobacteria; c__Alphaproteobacteria; o__Acetobacterales; f__Acetobacteraceae	0.9999765832300924
03b7204079c4b00d90fe6838cda16e71	d__Bacteria; p__Bdellovibrionota; c__Bdellovibrionia; o__Bdellovibrionales; f__Bdellovibrionaceae; g__OM27_clade; s__uncultured_bacterium	0.7423893492768227
818b46727ec17990b09091e7ea41c27b	d__Bacteria; p__Bacteroidota; c__Bacteroidia; o__Sphingobacteriales; f__env.OPS_17; g__env.OPS_17	0.9984581921226993
fcd7dc054101656280622ab199f3e289	d__Bacteria; p__Bacteroidota; c__Bacteroidia; o__Sphingobacteriales; f__Sphingobacteriaceae; g__Mucilaginibacter	0.9965138551400862
fc45a33a4f1ca14942ad0ad57464e3eb	d__Bacteria; p__Firmicutes; c__Bacilli; o__Paenibacillales; f__Paenibacillaceae; g__Paenibacillus	0.9973395633682115
c496266b8a4c92dba8481959ae18526e	d__Bacteria; p__Actinobacteriota; c__Actinobacteria; o__Frankiales; f__Sporichthyaceae; g__Sporichthyaceae; s__uncultured_bacterium	0.7866270601866013
e445fe57bf28a794ba588e9d2440dbd7	d__Bacteria; p__Proteobacteria; c__Alphaproteobacteria; o__Rhizobiales; f__Rhizobiaceae; g__Allorhizobium-Neorhizobium-Pararhizobium-Rhizobium	0.9881502390523571
2fe257d73f34dea04beb39af8913b632	d__Bacteria; p__Planctomycetota; c__Planctomycetes; o__Planctomycetales; f__uncultured; g__uncultured; s__metagenome	0.9975521311219576
3d209948cde2c458b6f36267d34cf162	d__Bacteria; p__Proteobacteria; c__Alphaproteobacteria; o__Rhizobiales; f__Rhizobiales_Incertae_Sedis; g__uncultured; s__uncultured_Rhizobiales	0.8427285829679031
8fc199c39c7283c1c7fe72c06afb938e	d__Bacteria; p__Proteobacteria; c__Gammaproteobacteria; o__Burkholderiales; f__Comamonadaceae; g__Polaromonas	0.9673079530490943
40d50100c5cb9ffa71b8fcabfa7203de	d__Bacteria; p__Bdellovibrionota; c__Bdellovibrionia; o__Bdellovibrionales; f__Bdellovibrionaceae; g__Bdellovibrio	0.9999942602164072
d6231bc3f86018c0b2382a9103a8c592	d__Bacteria; p__Proteobacteria; c__Gammaproteobacteria; o__Enterobacterales; f__Yersiniaceae; g__Serratia	0.7648030746495875
80503bda59c64aff8bd460a5299560a8	d__Bacteria; p__Bacteroidota; c__Bacteroidia; o__Sphingobacteriales; f__env.OPS_17; g__env.OPS_17; s__uncultured_bacterium	0.7084151549164672
4455483ac7e212aa8abba7443c993785	d__Bacteria; p__Proteobacteria; c__Alphaproteobacteria; o__Rhodobacterales; f__Rhodobacteraceae; g__Rhodobacter; s__uncultured_Alphaproteobacteria	0.7159106613553354
359a5298d307d88ed4d8d1ed60c8d665	d__Bacteria; p__Bacteroidota; c__Bacteroidia; o__Bacteroidales; f__Dysgonomonadaceae	0.9865957324160466
ca6e59f4ad2f02c09158eea10575ac46	d__Bacteria; p__Proteobacteria; c__Gammaproteobacteria; o__Burkholderiales; f__Comamonadaceae	0.9692180154389729
a209317c9697dc825ad9fe82f053df49	d__Bacteria; p__Bacteroidota; c__Bacteroidia; o__Sphingobacteriales; f__env.OPS_17; g__env.OPS_17	0.9944192566937587
96235a0fabfa775ab2e4422434a74830	d__Bacteria; p__Bacteroidota; c__Bacteroidia; o__Flavobacteriales; f__Flavobacteriaceae; g__Flavobacterium	0.9975891009627407
9edb3313bdfde06d11bb8e66f4aac411	d__Bacteria; p__Bacteroidota; c__Bacteroidia; o__Cytophagales; f__Hymenobacteraceae; g__Hymenobacter	0.9998576833715637
d38014e935ad3ff67d755e0fdeab4be7	d__Bacteria; p__Myxococcota; c__Polyangia; o__Polyangiales; f__Phaselicystidaceae; g__Phaselicystis	0.823542924196879
807ce4f13e0517cc6a1758b0cb325808	d__Bacteria; p__Patescibacteria; c__Parcubacteria; o__Candidatus_Kaiserbacteria; f__Candidatus_Kaiserbacteria; g__Candidatus_Kaiserbacteria; s__uncultured_bacterium	0.8270215457642328
0b3d75d91c5da17a4e0bc2a1402bd3e6	d__Bacteria; p__Bacteroidota; c__Bacteroidia; o__Chitinophagales; f__Chitinophagaceae; g__uncultured	0.9772950739478216
5edc470956dfe47e57a29fa4eabecc44	d__Bacteria; p__Proteobacteria; c__Alphaproteobacteria; o__Acetobacterales; f__Acetobacteraceae; g__Acidiphilium	0.7758783888044309
27b7e1ee3b5b893c7f2858202493d5c6	d__Bacteria; p__Chloroflexi; c__KD4-96; o__KD4-96; f__KD4-96; g__KD4-96	0.9999801132465251
dd4a2394255a57eaccf56b5f27746b62	d__Bacteria; p__Bacteroidota; c__Bacteroidia; o__Chitinophagales; f__Chitinophagaceae; g__Ferruginibacter	0.9527424849873554
d459c3cda7e1a303ad00d4202d8e26a1	d__Bacteria; p__Bacteroidota; c__Bacteroidia; o__Bacteroidales; f__Dysgonomonadaceae; g__Proteiniphilum; s__uncultured_prokaryote	0.9806948966511897
7d500c4e7872b391eec4f8c756795f2b	d__Bacteria; p__Bacteroidota; c__Bacteroidia; o__Flavobacteriales; f__Flavobacteriaceae; g__Flavobacterium	0.9783047217800657
2f6c4a04a2b0a8077a081b24ce471822	d__Bacteria; p__Verrucomicrobiota; c__Chlamydiae; o__Chlamydiales; f__Parachlamydiaceae; g__Neochlamydia; s__metagenome	0.7451658754704976
7bea3ab007cb6bf7f5918adce6f83d07	d__Bacteria; p__Chloroflexi; c__Ktedonobacteria; o__C0119; f__C0119; g__C0119; s__uncultured_bacterium	0.9992231382183968
2feb8ea3a080ddca4741286d9ff6acce	d__Bacteria; p__Chloroflexi; c__AD3; o__AD3; f__AD3; g__AD3; s__uncultured_bacterium	0.8357902689252296
5920399237f4c8ed4009d2007c439cd2	d__Bacteria; p__Proteobacteria; c__Gammaproteobacteria; o__Burkholderiales; f__Burkholderiaceae; g__Ralstonia	0.9910545080646213
cc9d9e67237b5dc671f35e598674027d	d__Bacteria; p__Proteobacteria; c__Alphaproteobacteria; o__Rhizobiales; f__Xanthobacteraceae; g__Pseudolabrys	0.9882402240476652
130dc42b6c03efe62181268803378298	d__Bacteria; p__Proteobacteria; c__Alphaproteobacteria; o__Rhizobiales; f__Rhizobiales_Incertae_Sedis; g__uncultured	0.8848609668932643
04446efbc6f2eda3b1329677bfca31bd	d__Bacteria; p__Bdellovibrionota; c__Bdellovibrionia; o__Bdellovibrionales; f__Bdellovibrionaceae; g__Bdellovibrio; s__uncultured_bacterium	0.954539185844357
d0ffc0e2ab3693216371b56281869f21	d__Bacteria; p__Patescibacteria	0.7796966397924038
f5a19378bf9f82b226315bc2833b960a	d__Bacteria; p__Proteobacteria; c__Alphaproteobacteria; o__Sphingomonadales; f__Sphingomonadaceae; g__Sphingomonas	0.976419266609476
f20b6ee0c1736d939bc6327ba210108f	d__Bacteria; p__Proteobacteria; c__Alphaproteobacteria; o__Rhizobiales; f__Devosiaceae; g__Devosia	0.9263096803708568
75b0bb74bf0418287d4a4f9a28825f69	d__Bacteria; p__Actinobacteriota; c__Actinobacteria	0.9990390023474637
c7da14fbcfb22a10cdfd30dc3b8d9134	d__Bacteria; p__Proteobacteria; c__Gammaproteobacteria; o__Pseudomonadales; f__Pseudomonadaceae; g__Pseudomonas	0.9995788920262562
b6dde75d73d3db81b64cc9ef0bb21aec	d__Bacteria; p__Proteobacteria; c__Gammaproteobacteria; o__Burkholderiales; f__Comamonadaceae; g__Polaromonas	0.9784253071869351
ed847943a0f44229eba491f9646ac87b	d__Bacteria; p__Bacteroidota; c__Bacteroidia; o__Chitinophagales; f__Chitinophagaceae; g__uncultured	0.9973191872634872
4f69a93eb0f8a72a34580fce45a8f33f	d__Bacteria; p__Acidobacteriota; c__Blastocatellia; o__Blastocatellales; f__Blastocatellaceae; g__JGI_0001001-H03	0.7121378638224534
e14b3003145b64b5a1e884d03a591acd	d__Bacteria; p__Proteobacteria; c__Gammaproteobacteria; o__Burkholderiales; f__Sulfuricellaceae; g__Sulfuriferula	0.9980593355181636
43f05e74f13f86582bad79d297eda5cd	d__Bacteria; p__Gemmatimonadota; c__Gemmatimonadetes; o__Gemmatimonadales; f__Gemmatimonadaceae; g__Gemmatimonas	0.9501692174442915
9bc6a2e843c8e15b1955d911e3592e27	d__Bacteria; p__Bacteroidota; c__Bacteroidia; o__Chitinophagales; f__Chitinophagaceae; g__uncultured	0.9975633006254984
86a42163c7f99199c493aac63767e8ab	d__Bacteria; p__Actinobacteriota; c__Acidimicrobiia; o__Microtrichales; f__Ilumatobacteraceae; g__CL500-29_marine_group; s__metagenome	0.7991729358616585
3ce8e5e4cf81fea3412926a1e86eee5e	d__Bacteria; p__Deinococcota; c__Deinococci; o__Deinococcales; f__Deinococcaceae; g__Deinococcus	0.9999892265160518
f195474258b1e6a42bd960f3c144a70c	d__Bacteria; p__Myxococcota; c__Polyangia; o__Polyangiales; f__Phaselicystidaceae; g__Phaselicystis; s__metagenome	0.7418964197603971
a214df000e42c29be0635609aba1b742	d__Bacteria; p__Proteobacteria; c__Alphaproteobacteria	0.9934046269293417
c1615f83d50a8d89fd0e7b8f6cc80975	d__Bacteria; p__Chloroflexi; c__KD4-96; o__KD4-96; f__KD4-96; g__KD4-96	0.9999671939785375
78091b21a9d384470adc65f5d079af90	d__Bacteria; p__Verrucomicrobiota; c__Verrucomicrobiae; o__Pedosphaerales; f__Pedosphaeraceae; g__SH3-11	0.9585998054901677
f8882ea121554a5fd4ae33d8da57acf3	d__Bacteria; p__Proteobacteria; c__Alphaproteobacteria; o__Acetobacterales; f__Acetobacteraceae; g__Acetobacteraceae; s__uncultured_bacterium	0.7103349391383517
d198b9f25f88893d6b3c87094e4954ed	d__Bacteria; p__Planctomycetota; c__Planctomycetes; o__Gemmatales; f__Gemmataceae; g__Gemmata	0.9826373030908528
5320674102910c08ea0fe56e069951f6	d__Bacteria; p__Proteobacteria; c__Alphaproteobacteria; o__Acetobacterales; f__Acetobacteraceae; g__uncultured	0.7746316123966221
48edc17b37686091a89328ce1895951b	d__Bacteria; p__Proteobacteria; c__Gammaproteobacteria; o__Burkholderiales; f__Sulfuricellaceae; g__Sulfuriferula	0.9980736894192538
bf7f7ea540a6ee7c375dd64c3ef5e5cc	d__Bacteria; p__Proteobacteria; c__Gammaproteobacteria; o__Diplorickettsiales; f__Diplorickettsiaceae; g__uncultured	0.9865097957922416
c5bb7b8de8c2afb8dfd5fa7f1cf62741	d__Bacteria; p__Myxococcota; c__Polyangia; o__Haliangiales; f__Haliangiaceae; g__Haliangium; s__uncultured_prokaryote	0.7268066875314391
b4c6e783ffd4b14c03ff0ec209824fdb	d__Bacteria; p__Bacteroidota; c__Bacteroidia; o__Cytophagales; f__Cytophagaceae; g__Cytophaga; s__Hypsibius_dujardini	0.9273899155831232
b8b5c84752e3954f34d951f6a4c55ae0	d__Bacteria; p__Planctomycetota; c__vadinHA49; o__vadinHA49; f__vadinHA49; g__vadinHA49; s__uncultured_Antarctic	0.7331244488879572
00365df8e1273acad2aea900bda79acd	d__Bacteria; p__Bdellovibrionota; c__Oligoflexia; o__0319-6G20; f__0319-6G20; g__0319-6G20	0.9999675801215334
c8f3160a910b9c06f0f65dc011a1166c	d__Bacteria; p__Proteobacteria; c__Alphaproteobacteria; o__Rhizobiales; f__Beijerinckiaceae; g__Methylobacterium-Methylorubrum	0.9974107773804934
290137e01d6dcfbe8343b924f5ce88e7	d__Bacteria; p__Planctomycetota; c__Planctomycetes; o__Isosphaerales; f__Isosphaeraceae	0.9999794420952145
9324cb4fc81f27e747a80f693b134f6a	d__Bacteria; p__Actinobacteriota; c__Acidimicrobiia; o__Microtrichales; f__Ilumatobacteraceae; g__CL500-29_marine_group	0.9699409259960081
0743090fa4b1b53fb58449b49bbaca4e	d__Bacteria; p__Verrucomicrobiota; c__Verrucomicrobiae; o__Pedosphaerales; f__Pedosphaeraceae; g__uncultured	0.9732518404018197
b59c4be051988b9eb4550eecf093503d	d__Bacteria	0.9974995261264814
e7430988eeb0f13c47a55119a2025f78	d__Bacteria; p__Abditibacteriota; c__Abditibacteria; o__Abditibacteriales; f__Abditibacteriaceae; g__Abditibacterium; s__uncultured_bacterium	0.7812210456535769
09e1956adfcdcf3dd1f34bd62993ba08	d__Bacteria; p__Acidobacteriota; c__Acidobacteriae; o__Acidobacteriae; f__Acidobacteriae; g__Paludibaculum	0.7815438602133822
788ec1fbf444468eb9c7b99b9303af0d	d__Bacteria; p__Chloroflexi; c__KD4-96; o__KD4-96; f__KD4-96; g__KD4-96	0.7890184118811453
1551613691d42e0b2ab06b9550b8df39	d__Bacteria; p__Myxococcota; c__Polyangia; o__Polyangiales; f__Polyangiaceae; g__Pajaroellobacter; s__uncultured_prokaryote	0.9940350999590167
4f63c081fb33914697ce88ebfcc5a501	d__Bacteria; p__Actinobacteriota; c__Acidimicrobiia; o__IMCC26256; f__IMCC26256; g__IMCC26256	0.9950115268211531
e4161f8d8f7fc028b0eb5dc50c98865b	d__Bacteria; p__Proteobacteria; c__Alphaproteobacteria; o__Sphingomonadales; f__Sphingomonadaceae; g__Polymorphobacter	0.9998666059178877
d02f204453956cb41b478599cb7fc855	d__Bacteria; p__Proteobacteria; c__Gammaproteobacteria; o__Diplorickettsiales; f__Diplorickettsiaceae; g__uncultured	0.987047165684594
5cc8377b63124ad9730d1018f0453522	d__Bacteria; p__Actinobacteriota; c__MB-A2-108; o__MB-A2-108; f__MB-A2-108; g__MB-A2-108; s__uncultured_bacterium	0.777192925458233
fe8d12ff2a08644b1dc8019f1a7d65df	d__Bacteria; p__Verrucomicrobiota; c__Verrucomicrobiae; o__Chthoniobacterales; f__Chthoniobacteraceae	0.7001084561990183
af17d954db62adc0e5e9cf35275b79c6	d__Bacteria; p__Proteobacteria; c__Alphaproteobacteria; o__Caulobacterales; f__Caulobacteraceae; g__uncultured; s__uncultured_Alphaproteobacteria	0.9613871834821819
1299c1f59d2589dd2ee4b11532d413c9	d__Bacteria; p__Armatimonadota; c__Fimbriimonadia; o__Fimbriimonadales; f__Fimbriimonadaceae; g__Fimbriimonadaceae	0.9998002361691223
f047f19baf3bf007193badbf7e51abb2	d__Bacteria; p__Patescibacteria; c__Saccharimonadia; o__Saccharimonadales; f__LWQ8; g__LWQ8; s__metagenome	0.9798855955311467
b8bbb8b3ad7cbf107a99133ac62026f7	d__Bacteria; p__Actinobacteriota; c__Acidimicrobiia; o__uncultured; f__uncultured; g__uncultured	0.7186168227677173
95484ae57b5a0da513100e72b70e5dc5	d__Bacteria; p__Planctomycetota; c__Planctomycetes; o__Gemmatales; f__Gemmataceae; g__Gemmata	0.9988997641393517
674229e6281439662186aae413c3dfd3	d__Bacteria; p__Proteobacteria; c__Gammaproteobacteria; o__Xanthomonadales; f__Xanthomonadaceae; g__Stenotrophomonas	0.945246186187926
ddfd77aeefb65a82a917b46cf12e3807	d__Bacteria; p__Chloroflexi; c__Ktedonobacteria; o__C0119; f__C0119; g__C0119; s__uncultured_Chloroflexi	0.9952327158073022
eaf9e250f81e5bb6ba7bbcff7fff413d	d__Bacteria; p__Actinobacteriota; c__Actinobacteria; o__Corynebacteriales; f__Nocardiaceae; g__Rhodococcus	0.9998504532677143
b430495a69cae8b78e3fbfafee661de2	d__Bacteria; p__Verrucomicrobiota; c__Verrucomicrobiae; o__Verrucomicrobiales; f__Rubritaleaceae; g__Luteolibacter; s__Verrucomicrobium_sp.	0.7939719880100948
251f2e86ba9cbf9c2bcba2853b9eee3a	d__Bacteria; p__Verrucomicrobiota; c__Verrucomicrobiae; o__Opitutales; f__Opitutaceae	0.9999992557255817
7ff09d9dc8e29879778d258b46e2b4da	d__Archaea; p__Euryarchaeota; c__Methanobacteria; o__Methanobacteriales; f__Methanobacteriaceae; g__Methanobrevibacter	0.994703787399168
65cf47fe12184f1b8822a38607c0404b	d__Bacteria; p__Proteobacteria; c__Alphaproteobacteria; o__Acetobacterales; f__Acetobacteraceae; g__Acetobacter	0.9899493284399689
95e7240f3a020c67a8834d15f0e3b6ef	d__Bacteria; p__Proteobacteria; c__Alphaproteobacteria; o__Sphingomonadales; f__Sphingomonadaceae; g__Novosphingobium; s__uncultured_anaerobic	0.7341452148773356
a34415c96d3987d2e8fa11e70e0e4793	d__Archaea; p__Halobacterota; c__Halobacteria; o__Halobacterales; f__Haloferacaceae; g__Haloferax	0.999334206645943
c28db0c3c91b2e6d418ef5430984b3f3	d__Bacteria; p__Proteobacteria; c__Gammaproteobacteria; o__Salinisphaerales; f__Solimonadaceae; g__uncultured	0.8245892059265773
df02acd62d935b03f0df383e64c4e6b1	d__Bacteria; p__Acidobacteriota; c__Holophagae; o__Holophagales; f__Holophagaceae	0.9999925838479519
a14a019aedb98afaa8c32fdda889a49a	d__Bacteria; p__Proteobacteria; c__Gammaproteobacteria; o__Enterobacterales; f__Yersiniaceae; g__Serratia	0.8049730712659138
c0a3c4c0fad10aa18754e104398595a0	d__Bacteria; p__Bacteroidota; c__Bacteroidia; o__Cytophagales	0.9382463646333679
769beb8bb202b71e2b0004e05d145e1c	d__Bacteria; p__Proteobacteria; c__Alphaproteobacteria; o__Azospirillales; f__Azospirillaceae	0.9111345514925854
350a10766c2e2ebdfcc15bb8d644a5e5	d__Bacteria; p__Actinobacteriota; c__Thermoleophilia; o__Solirubrobacterales; f__Solirubrobacteraceae; g__uncultured; s__Solirubrobacterales_bacterium	0.9981880763308725
0804b3c131d4e18c7754ea82bdd9030d	d__Bacteria; p__Bacteroidota; c__Bacteroidia; o__Sphingobacteriales; f__env.OPS_17; g__env.OPS_17	0.9985301397576952
2974d581bfc157ec38aa0392ba5e0896	d__Bacteria; p__Proteobacteria; c__Gammaproteobacteria; o__Xanthomonadales; f__Xanthomonadaceae; g__Arenimonas	0.9197176332745726
29491744e1e263990e8c0cbd81bda4a0	d__Bacteria; p__Gemmatimonadota; c__Gemmatimonadetes; o__Gemmatimonadales; f__Gemmatimonadaceae; g__Gemmatimonas	0.9371771506356057
bd8f11be983fde93a6138c4eb53aabe7	d__Bacteria; p__Patescibacteria; c__Gracilibacteria; o__Gracilibacteria; f__Gracilibacteria; g__Gracilibacteria; s__wastewater_metagenome	0.9935214241952194
b87624b102d49f3c078e2b6153ae33de	d__Bacteria; p__Verrucomicrobiota; c__Verrucomicrobiae; o__Opitutales; f__Opitutaceae	0.9999777092886197
d041cd5828015d38c289ecb7ec80da93	d__Bacteria; p__Bacteroidota; c__Bacteroidia; o__Chitinophagales; f__Chitinophagaceae; g__Sediminibacterium	0.998654792122408
9c56c94f02b12c7be9f6004d42567f94	d__Bacteria; p__Gemmatimonadota; c__Gemmatimonadetes; o__Gemmatimonadales; f__Gemmatimonadaceae; g__uncultured	0.9962046587483875
743e11a453ee1ea196b0d0412cec1ac0	d__Bacteria; p__Proteobacteria; c__Gammaproteobacteria; o__Xanthomonadales; f__Rhodanobacteraceae; g__Rudaea; s__Xanthomonadaceae_bacterium	0.7857432400437617
2ce4188bf904968b54eb6238727ebd16	d__Bacteria; p__Actinobacteriota; c__Actinobacteria; o__Frankiales; f__Sporichthyaceae; g__hgcI_clade; s__uncultured_actinobacterium	0.8044396046946719
7c81afaadee2ef51df17e5d31b96287a	d__Bacteria; p__Patescibacteria; c__Saccharimonadia; o__Saccharimonadales; f__Saccharimonadales; g__Saccharimonadales	0.8425326763799702
ab05a39fcc5a69da6efa0f73f67863b9	d__Bacteria; p__Bacteroidota; c__Bacteroidia; o__Sphingobacteriales; f__env.OPS_17; g__env.OPS_17	0.9995480733209932
72f5ad0fa8236b3ccd04584459617cf6	d__Bacteria; p__Actinobacteriota; c__Actinobacteria; o__Frankiales; f__Sporichthyaceae	0.9999911093051105
70459f3f3a0c5552c3892920bdd48c91	d__Bacteria; p__Bacteroidota; c__Bacteroidia; o__Chitinophagales; f__Chitinophagaceae; g__uncultured	0.9792624283287624
652b70b900b03f1dc2d6ae38c6b3247a	d__Bacteria; p__Chloroflexi; c__AD3; o__AD3; f__AD3; g__AD3; s__uncultured_Chloroflexi	0.7151698529708227
67dc3e39614bd1275112ae80ce2b1548	d__Bacteria; p__Proteobacteria; c__Gammaproteobacteria; o__Pseudomonadales; f__Moraxellaceae; g__Cavicella; s__uncultured_bacterium	0.8222282029629511
ec391d96bc7ebe4df7a7fc97962acd93	d__Bacteria; p__Patescibacteria; c__Saccharimonadia; o__Saccharimonadales	0.9999603808234668
df4c46aeba3cdd5faf21f198c19d9a65	d__Bacteria; p__Myxococcota; c__Polyangia; o__Polyangiales; f__Phaselicystidaceae; g__Phaselicystis	0.8098292281710077
07683b5e6b8ede16b49112748019a53c	d__Bacteria; p__Firmicutes; c__Bacilli; o__Bacillales; f__Planococcaceae; g__Paenisporosarcina	0.7934211593629703
83c785559d14c0ae9593421df55e5bba	d__Bacteria; p__Bacteroidota; c__Bacteroidia; o__Sphingobacteriales; f__env.OPS_17; g__env.OPS_17	0.9986400070206792
415b2e8cd57a794e9ef4ab17369adb89	d__Bacteria; p__Cyanobacteria; c__Vampirivibrionia; o__Obscuribacterales; f__Obscuribacteraceae; g__Candidatus_Obscuribacter; s__uncultured_bacterium	0.9781737680082369
6119b2fa722a0c46190d055c8a291b51	d__Bacteria; p__Deinococcota; c__Deinococci; o__Deinococcales; f__Deinococcaceae; g__Deinococcus	0.9999984924385632
86534f0bac83521cbb8d1a7c631667b5	d__Bacteria; p__Actinobacteriota; c__Acidimicrobiia; o__uncultured; f__uncultured; g__uncultured	0.7248568636886455
8c29706aa34521fd64e7e896aee4654a	d__Bacteria; p__Myxococcota; c__Polyangia; o__Haliangiales; f__Haliangiaceae; g__Haliangium; s__uncultured_prokaryote	0.7466276366876532
361410a04414aa5e2b4e76718bd7718d	d__Bacteria; p__Bacteroidota; c__Bacteroidia; o__Sphingobacteriales; f__NS11-12_marine_group; g__NS11-12_marine_group; s__metagenome	0.7267491039552694
e8f2145cb65bc52a1d4f013204a2cd39	d__Bacteria; p__Patescibacteria; c__Parcubacteria; o__Candidatus_Kaiserbacteria; f__Candidatus_Kaiserbacteria; g__Candidatus_Kaiserbacteria; s__uncultured_bacterium	0.8484606350021522
1419683811f13c0546664655f958685e	d__Bacteria; p__Proteobacteria; c__Alphaproteobacteria; o__Rhizobiales; f__Xanthobacteraceae	0.9999904594461557
199e8b4c69574887f49bcf37490d287e	d__Bacteria; p__Patescibacteria; c__Berkelbacteria; o__Berkelbacteria; f__Berkelbacteria; g__Berkelbacteria	0.821638810561079
5d049721d5634b85b34492d3e6033fee	d__Bacteria; p__Acidobacteriota; c__Holophagae; o__Subgroup_7; f__Subgroup_7; g__Subgroup_7; s__uncultured_Thermaerobacter	0.8812655309446794
c5e07be8496edfc37bb01f3ef7e7dbb1	d__Bacteria; p__Proteobacteria; c__Gammaproteobacteria; o__Enterobacterales; f__Morganellaceae; g__Proteus	0.9817866674852099
03f9b635a0c0d26c8a6c1eee9b2250dd	d__Bacteria; p__Patescibacteria; c__Saccharimonadia; o__Saccharimonadales	0.9999589894346136
5ba4226ddcff641535c40924782fc236	d__Bacteria; p__Bacteroidota; c__Bacteroidia; o__Sphingobacteriales; f__env.OPS_17; g__env.OPS_17; s__uncultured_Bacteroidetes	0.7281471499328228
2b8556a410574813bddfe90c8db1c943	d__Bacteria; p__Verrucomicrobiota; c__Verrucomicrobiae; o__Pedosphaerales; f__Pedosphaeraceae	0.9990280181348581
8d5cdae48a0766b5f86f508e9fdaa1b0	d__Bacteria; p__Patescibacteria; c__Parcubacteria; o__Candidatus_Kaiserbacteria; f__Candidatus_Kaiserbacteria; g__Candidatus_Kaiserbacteria; s__uncultured_bacterium	0.913812647099392
c401d11fe2155f48854b0a8e9691343e	d__Bacteria; p__Acidobacteriota; c__Acidobacteriae; o__Acidobacteriae; f__Acidobacteriae; g__Paludibaculum	0.9163946955212441
7f2ae8ee6aa4334b7135eef49fae7c45	d__Bacteria; p__Chloroflexi; c__Ktedonobacteria; o__C0119; f__C0119; g__C0119; s__uncultured_Chloroflexi	0.9933225212357623
28ac61806a50afd6521048ccf04d0d59	d__Bacteria; p__Bacteroidota; c__Bacteroidia; o__Cytophagales; f__Spirosomaceae; g__Fibrella	0.9991190296911853
469dc00f1dd80932d1a23f00d6f814c5	d__Bacteria; p__Proteobacteria; c__Gammaproteobacteria; o__Salinisphaerales; f__Solimonadaceae; g__Nevskia; s__uncultured_bacterium	0.7398690569352989
f7487577344ac9b46f6247d5420bf7ca	d__Bacteria; p__Proteobacteria; c__Gammaproteobacteria; o__Diplorickettsiales; f__Diplorickettsiaceae; g__uncultured; s__uncultured_bacterium	0.7027859353173669
3d3bc2e89a790d33f7aafa8decbf4e1c	d__Bacteria; p__Cyanobacteria; c__Sericytochromatia; o__Sericytochromatia; f__Sericytochromatia; g__Sericytochromatia	0.9997485016895725
ab7be1009775cf033ba7158cc859c632	d__Archaea; p__Halobacterota; c__Halobacteria; o__Halobacterales; f__Halomicrobiaceae; g__Haloarcula	0.9885145485016422
11059f72d80b765c890657eb1e3b824d	d__Bacteria; p__Acidobacteriota; c__Holophagae; o__Subgroup_7; f__Subgroup_7; g__Subgroup_7	0.9999953160384327
c9df46464ffaf1998df0c7cca67c3641	d__Bacteria; p__Proteobacteria; c__Gammaproteobacteria; o__Competibacterales; f__Competibacteraceae; g__Plasticicumulans	0.8050002777574881
db3a46e3b02e5a6a897e9011f39fb362	d__Bacteria; p__Proteobacteria; c__Gammaproteobacteria; o__Pseudomonadales; f__Moraxellaceae; g__Cavicella; s__uncultured_bacterium	0.7698564841706873
346e115258574b3dd0f981ae39c672d4	d__Bacteria; p__Proteobacteria; c__Gammaproteobacteria; o__Diplorickettsiales; f__Diplorickettsiaceae; g__uncultured; s__uncultured_Legionellales	0.8511667981915914
751974c0e194759be3832b07527bd9b4	d__Bacteria; p__Planctomycetota; c__vadinHA49; o__vadinHA49; f__vadinHA49; g__vadinHA49; s__metagenome	0.9999815462249145
8a87ccebacc1a0ea301bdd98bf68a548	d__Bacteria; p__Firmicutes; c__Bacilli; o__Lactobacillales; f__Streptococcaceae; g__Streptococcus	0.9999896618845485
13c8ed949655bd9046238c25ce9bc0dc	d__Bacteria; p__Firmicutes; c__Clostridia; o__Clostridiales; f__Clostridiaceae; g__Clostridium_sensu_stricto_9; s__uncultured_Clostridiales	0.777217979533898
390b896fc6f246b20363df454766945a	d__Bacteria; p__Actinobacteriota; c__Actinobacteria; o__Propionibacteriales; f__Nocardioidaceae; g__Marmoricola	0.8784384511079213
90fd8d3361a16f0e51794439901fdae2	d__Bacteria; p__Patescibacteria; c__Parcubacteria; o__Parcubacteria; f__Parcubacteria; g__Parcubacteria; s__uncultured_bacterium	0.9091595708542308
d54fa6f706f6830cba45d584aed09d14	d__Bacteria; p__Bacteroidota; c__Bacteroidia; o__Cytophagales; f__Spirosomaceae; g__Arcicella	0.9994178813326953
65f7ed01b82a42a23e89b4a0a4edfb12	d__Bacteria; p__Proteobacteria; c__Alphaproteobacteria; o__Rhizobiales; f__Beijerinckiaceae; g__Methylobacterium-Methylorubrum	0.9925815189841499
0abfa6da04c47faab21de824e306e3d5	d__Bacteria; p__Bacteroidota; c__Bacteroidia; o__Chitinophagales; f__Chitinophagaceae; g__uncultured	0.9799122904249424
8864931c2d21b2caf44e5322c7b9c02e	d__Bacteria; p__Cyanobacteria; c__Cyanobacteriia; o__Chloroplast; f__Chloroplast; g__Chloroplast	0.9999806731845647
78c450eb6dbb2d8d98981657601a5082	d__Bacteria; p__Proteobacteria; c__Alphaproteobacteria; o__Acetobacterales; f__Acetobacteraceae; g__Acidiphilium; s__Acetobacteraceae_bacterium	0.820864331577239
d8ee305c961416242ece4619eb67b110	d__Bacteria; p__Actinobacteriota; c__Actinobacteria; o__Propionibacteriales; f__Nocardioidaceae; g__Marmoricola	0.8719952757423367
36b3347c8f017b9be4036548d324d39e	d__Bacteria; p__Actinobacteriota; c__Actinobacteria; o__Micrococcales; f__Microbacteriaceae	0.9993366465880651
8e2a2e426922a11a0247fffb9a2c203f	d__Bacteria; p__Myxococcota; c__Polyangia; o__Polyangiales; f__Polyangiaceae; g__Aetherobacter; s__uncultured_bacterium	0.8682421656999552
9e8de1f19c94211074b7d8a1fef0c499	d__Bacteria; p__Proteobacteria; c__Gammaproteobacteria; o__Diplorickettsiales; f__Diplorickettsiaceae; g__uncultured; s__uncultured_Legionellales	0.8200753496125713
e29ad7ba0738fae1a98c086b7a38bc63	d__Bacteria; p__Planctomycetota; c__Phycisphaerae; o__Tepidisphaerales; f__WD2101_soil_group; g__WD2101_soil_group; s__uncultured_bacterium	0.8814141058064833
b2a3ae77965f18ebb13b88ec23eb7065	d__Bacteria; p__Proteobacteria; c__Gammaproteobacteria; o__Legionellales; f__Legionellaceae; g__Legionella	0.989674565160976
e895aa2ceeb3c2b047d98defc1fc87f3	d__Bacteria; p__Firmicutes; c__Bacilli; o__Bacillales; f__Bacillaceae; g__Bacillus	0.9807348569799684
972ca7b5e4101e2974d5392d728a7ac7	d__Bacteria; p__Armatimonadota; c__Fimbriimonadia; o__Fimbriimonadales; f__Fimbriimonadaceae; g__Fimbriimonadaceae	0.8230521878953883
5a0b474fcf924d9cc9aa73a45a191c28	d__Bacteria; p__Bacteroidota; c__Bacteroidia; o__Sphingobacteriales; f__env.OPS_17; g__env.OPS_17	0.9987091576444462
b5b9ad0022a35c7b42fec74e2c3bdee8	d__Bacteria	0.9634268002490817
da407be53430682e08b78014330d5005	d__Bacteria; p__Armatimonadota; c__Fimbriimonadia; o__Fimbriimonadales; f__Fimbriimonadaceae; g__Fimbriimonadaceae; s__uncultured_Armatimonadetes	0.7882815107060587
4a8f1c9db05827ce6af9b4ec9c9f927f	d__Bacteria; p__Proteobacteria; c__Alphaproteobacteria; o__Rickettsiales; f__bac2nit3; g__bac2nit3; s__uncultured_Alphaproteobacteria	0.7398034414815167
2602b4c7508db67ff0ae7176fb333a65	d__Bacteria; p__Bdellovibrionota; c__Bdellovibrionia; o__Bacteriovoracales; f__Bacteriovoracaceae; g__Peredibacter	0.9803274397869294
bb5bbede997eff45cfea55164554128c	d__Bacteria; p__Chloroflexi; c__Anaerolineae; o__RBG-13-54-9; f__RBG-13-54-9; g__RBG-13-54-9; s__uncultured_eubacterium	0.8397110879615213
45241f084e606888cfa2afea48c10454	d__Bacteria; p__Chloroflexi; c__Anaerolineae; o__RBG-13-54-9; f__RBG-13-54-9; g__RBG-13-54-9	0.9860046834413733
c991d3cdd27df3f0bb933172d96c5b08	d__Bacteria; p__Verrucomicrobiota; c__Verrucomicrobiae; o__Verrucomicrobiales; f__Verrucomicrobiaceae	0.916588698222854
be93e7e9f3d85b7571761c78028be001	d__Bacteria; p__Verrucomicrobiota; c__Verrucomicrobiae; o__Chthoniobacterales; f__Chthoniobacteraceae; g__Chthoniobacter	0.9537654636506644
a528e5151ad2a02b8b0ce1db898be817	d__Bacteria; p__Patescibacteria; c__Parcubacteria; o__Candidatus_Nomurabacteria; f__Candidatus_Nomurabacteria; g__Candidatus_Nomurabacteria; s__uncultured_bacterium	0.9837311591891112
8522e53eceba7bd8445885742a889344	d__Bacteria; p__Gemmatimonadota; c__Gemmatimonadetes; o__Gemmatimonadales; f__Gemmatimonadaceae; g__uncultured	0.9978295643244958
fbbbe97e2a6274e9a4d23f3f9b40d81f	d__Bacteria; p__Actinobacteriota; c__Actinobacteria; o__Propionibacteriales; f__Nocardioidaceae	0.9994603456162972
848fc10f6d493abdf90f38b354a3efc3	d__Bacteria; p__Bacteroidota; c__Bacteroidia; o__Sphingobacteriales; f__env.OPS_17; g__env.OPS_17	0.9983680934368296
0b1f67c5a06c61062b5dbd0a2faada27	d__Bacteria; p__Acidobacteriota; c__Acidobacteriae; o__Solibacterales; f__Solibacteraceae; g__Candidatus_Solibacter	0.9912042408870714
f013477a7a4dd378e05b84f366604db1	d__Bacteria; p__Acidobacteriota; c__Holophagae; o__Subgroup_7; f__Subgroup_7; g__Subgroup_7	0.9999946811054796
0b34f6850a8d87ffc42b1f48d3cce897	d__Bacteria; p__Proteobacteria; c__Gammaproteobacteria; o__Pseudomonadales; f__Moraxellaceae; g__Alkanindiges	0.9940238532858894
14edf92ba8c010a9ea322a035ee89c2c	d__Bacteria; p__Firmicutes; c__Bacilli; o__Lactobacillales; f__Aerococcaceae; g__Dolosicoccus; s__Dolosicoccus_paucivorans	0.9999056544289836
6b14ddd7b5ee8921f0ceb7c92af46e3d	d__Bacteria; p__Acidobacteriota; c__Acidobacteriae	0.9865710656091464
7b3a33efa222d7808bdbcf0b7cfcc603	d__Bacteria; p__Bacteroidota; c__Bacteroidia; o__Cytophagales; f__Cytophagaceae; g__Cytophaga; s__metagenome	0.9167159219308737
cdead0b06e22a7d30bb6202ec6eb843c	d__Bacteria; p__Proteobacteria; c__Alphaproteobacteria; o__Acetobacterales; f__Acetobacteraceae; g__Acetobacter	0.9922033255280875
76e1ff953c4385c8c08db82c98214353	d__Bacteria; p__Actinobacteriota; c__Acidimicrobiia; o__Microtrichales; f__Ilumatobacteraceae; g__CL500-29_marine_group	0.9022301794415091
52c10bde73596c7c72cceb0cbd992a69	d__Bacteria; p__Bdellovibrionota; c__Bdellovibrionia; o__Bacteriovoracales; f__Bacteriovoracaceae; g__Bacteriovorax	0.9970217911176698
9dc7be702c813fa73c204209a923131b	d__Bacteria; p__Acidobacteriota; c__Blastocatellia; o__Elev-16S-573; f__Elev-16S-573; g__Elev-16S-573; s__uncultured_soil	0.7521607844574258
4dcf43b6be679db95cc49d10211abae4	d__Bacteria; p__Proteobacteria; c__Alphaproteobacteria	0.9925885511999465
5fc2ec0eabdd0a1d937f5a4b0b8946a8	d__Bacteria; p__Patescibacteria; c__Saccharimonadia; o__Saccharimonadales	0.9999589684826393
9417a38339bcb453758715577cc5c6a7	d__Bacteria; p__Deinococcota; c__Deinococci; o__Deinococcales; f__Deinococcaceae; g__uncultured; s__uncultured_Thermus/Deinococcus	0.8519189371425347
eb4a8432e5e4766d5eff75d609e35e19	d__Bacteria; p__Acidobacteriota; c__Acidobacteriae; o__Acidobacteriae; f__Acidobacteriae; g__Paludibaculum; s__uncultured_bacterium	0.9297217912910649
2b2b841da61315b3c7c98c0113a9d54c	d__Bacteria; p__Proteobacteria; c__Gammaproteobacteria; o__Burkholderiales; f__Burkholderiaceae; g__Ralstonia	0.9882676124756274
80848f399fc7331498f43eb8f540e9ee	d__Bacteria; p__Planctomycetota; c__Planctomycetes; o__Pirellulales; f__Pirellulaceae; g__Pirellula	0.9759990051124456
f4f4c33e64e64b5f56d8c762b87ef8f9	d__Bacteria; p__Bacteroidota; c__Bacteroidia; o__Sphingobacteriales	0.784329827506871
e4ace3f47ad65318d1d9fe988d7d4d8a	d__Bacteria; p__Proteobacteria; c__Gammaproteobacteria; o__Cellvibrionales; f__Cellvibrionaceae; g__Cellvibrio; s__uncultured_gamma	0.809115504142207
93faa7a2a67bcdb2353e643c28bd95fa	d__Bacteria; p__Chloroflexi; c__Anaerolineae; o__RBG-13-54-9; f__RBG-13-54-9; g__RBG-13-54-9; s__uncultured_eubacterium	0.8422366506929979
66f5a2ddbecb7168faa88a01eee19811	d__Bacteria; p__Actinobacteriota; c__Acidimicrobiia; o__uncultured; f__uncultured; g__uncultured	0.7954421688931406
4c9489acfbe78efe153d17b00721be00	d__Bacteria; p__Bacteroidota; c__Bacteroidia; o__Sphingobacteriales; f__env.OPS_17; g__env.OPS_17	0.9972601655824923
9880a366c5f20db2eba217093da4f499	d__Bacteria; p__Actinobacteriota; c__Actinobacteria; o__Micrococcales; f__Microbacteriaceae	0.9995598515789307
2570775cfabc3245096417e60077406a	d__Bacteria; p__Bacteroidota; c__Bacteroidia; o__Flavobacteriales; f__Cryomorphaceae; g__NS10_marine_group	0.9640779610551782
30ef0fb9a6c0c03bfdfefbc2f863da21	d__Bacteria; p__Gemmatimonadota; c__Gemmatimonadetes; o__Gemmatimonadales; f__Gemmatimonadaceae; g__uncultured	0.9972641308713398
9e5f3f5009403019334ceda2ff6c106c	d__Bacteria; p__Cyanobacteria; c__Cyanobacteriia; o__Chloroplast; f__Chloroplast; g__Chloroplast	0.9999996482864156
f24bc27ed26c0ed2439e5e551b6918a1	d__Bacteria; p__Patescibacteria; c__Parcubacteria; o__Candidatus_Kaiserbacteria; f__Candidatus_Kaiserbacteria; g__Candidatus_Kaiserbacteria	0.9999237938691095
44bdabfa4a5dd6c34675582e0821c7cf	d__Bacteria; p__Chloroflexi; c__Anaerolineae; o__RBG-13-54-9; f__RBG-13-54-9; g__RBG-13-54-9; s__uncultured_eubacterium	0.8663417181509431
55da92a6ef92d0d05cfa9884857ce6a8	d__Bacteria; p__Planctomycetota; c__Phycisphaerae; o__Tepidisphaerales; f__WD2101_soil_group; g__WD2101_soil_group; s__uncultured_bacterium	0.8582726258836113
582c40f02b39d37347099b9ab667e6bc	d__Bacteria; p__Bacteroidota; c__Bacteroidia; o__Sphingobacteriales; f__env.OPS_17; g__env.OPS_17	0.9988275741005448
580f632ca291f80d474290a891c0ad3a	d__Bacteria; p__Planctomycetota; c__Planctomycetes; o__Isosphaerales; f__Isosphaeraceae	0.9999927947817149
39419e37f8db073f9b95c7526876d46b	d__Bacteria; p__Actinobacteriota; c__Acidimicrobiia; o__Microtrichales; f__Ilumatobacteraceae; g__uncultured	0.9153193019963521
92462d9ea66dd420b3fa4c5e6ffe27ab	d__Bacteria; p__Patescibacteria; c__Gracilibacteria; o__Absconditabacteriales_(SR1); f__Absconditabacteriales_(SR1); g__Absconditabacteriales_(SR1)	0.9996452684539345
773d180d143867eb213386b0e24ce97c	d__Bacteria; p__Gemmatimonadota; c__Gemmatimonadetes; o__Gemmatimonadales; f__Gemmatimonadaceae; g__uncultured; s__metagenome	0.8834813819362529
cd5ef9dd238e9a87a54a7ac52776a0fb	d__Bacteria; p__Gemmatimonadota; c__Gemmatimonadetes; o__Gemmatimonadales; f__Gemmatimonadaceae; g__Gemmatimonas	0.9504675287307552
a6f097cbd1cf87de7949501a7ee1dd8d	d__Bacteria; p__Proteobacteria; c__Gammaproteobacteria; o__Burkholderiales; f__Burkholderiaceae; g__Ralstonia	0.9897623151643291
d857b8e1c04c7bcb13ebd831f9ab3063	d__Bacteria; p__Proteobacteria; c__Gammaproteobacteria; o__Burkholderiales; f__Alcaligenaceae	0.9998757954869419
366d41cefad77d617de47c0371601976	d__Bacteria; p__Campilobacterota; c__Campylobacteria; o__Campylobacterales; f__Arcobacteraceae; g__Arcobacter	0.9724563119942207
fc4f65e393f94607f05d1723b2b96f1e	d__Bacteria; p__Patescibacteria; c__Parcubacteria; o__Candidatus_Kaiserbacteria; f__Candidatus_Kaiserbacteria; g__Candidatus_Kaiserbacteria; s__metagenome	0.7198924800120022
10355251464cb68d898d1134f0338642	d__Bacteria; p__Bacteroidota; c__Bacteroidia; o__Chitinophagales; f__Chitinophagaceae; g__Segetibacter	0.9020573722570157
170e2bad045b25dc048928b6950929bf	d__Bacteria; p__Planctomycetota; c__vadinHA49; o__vadinHA49; f__vadinHA49; g__vadinHA49; s__uncultured_bacterium	0.9574846197399253
21653c03671f371cef0aa6bfe2794f59	d__Bacteria; p__Planctomycetota; c__Phycisphaerae; o__Tepidisphaerales; f__WD2101_soil_group; g__WD2101_soil_group; s__uncultured_bacterium	0.8661602991369711
4f9ba19bf29fe602d30bd65251ef97ec	d__Bacteria; p__Chloroflexi; c__Anaerolineae; o__RBG-13-54-9; f__RBG-13-54-9; g__RBG-13-54-9	0.9978739585205253
5c208a755454a669dd3107076a8a8e72	d__Bacteria; p__Actinobacteriota; c__Acidimicrobiia; o__Microtrichales; f__Ilumatobacteraceae; g__CL500-29_marine_group	0.9605381267785854
3cd044d1b2c122888dd1f7b224b9dcb4	d__Bacteria; p__Bacteroidota; c__Kapabacteria; o__Kapabacteriales; f__Kapabacteriales; g__Kapabacteriales; s__uncultured_bacterium	0.9605491187809514
2a6e212ce016865743e5ff0c76924091	d__Bacteria; p__Planctomycetota; c__vadinHA49; o__vadinHA49; f__vadinHA49; g__vadinHA49; s__uncultured_bacterium	0.9324049892684075
dc11aa69fe34c894065e4a6d1686056c	d__Bacteria; p__Bacteroidota; c__Bacteroidia; o__Flavobacteriales; f__Flavobacteriaceae; g__Flavobacterium	0.9967718972266382
544fd8c4aee0b1706cffcdd382731f72	d__Bacteria; p__Proteobacteria; c__Gammaproteobacteria; o__Burkholderiales; f__Alcaligenaceae	0.999891159645094
5fe0af1496f3b555eaace6f1417e3580	d__Bacteria; p__Deinococcota; c__Deinococci; o__Deinococcales; f__Deinococcaceae; g__uncultured; s__uncultured_bacterium	0.999992984240973
03d57ba05f96a96f6439c75ed13fe23e	d__Bacteria; p__Bdellovibrionota; c__Bdellovibrionia; o__Bdellovibrionales; f__Bdellovibrionaceae; g__Bdellovibrio	0.9996551727745779
a48ad0c151139f8e09bd5ce4c58d30be	d__Bacteria; p__Planctomycetota; c__Planctomycetes; o__Gemmatales; f__Gemmataceae; g__Telmatocola; s__uncultured_planctomycete	0.8719045744120019
2950bd11c0d9fde6e656e3f028982164	d__Bacteria; p__Bacteroidota; c__Bacteroidia; o__Sphingobacteriales; f__env.OPS_17; g__env.OPS_17; s__uncultured_bacterium	0.7277268075458275
9ef8af4c0a67774b786572950b8945b7	d__Bacteria; p__Acidobacteriota; c__Acidobacteriae; o__Acidobacteriae; f__Acidobacteriae; g__Paludibaculum	0.9533320158925696
3cc938ed93b6f436b9cfbc2976999a8f	d__Bacteria; p__Patescibacteria; c__Saccharimonadia; o__Saccharimonadales; f__Saccharimonadales; g__Saccharimonadales; s__uncultured_bacterium	0.7308587096213507
1b3340d2a9b1bb781554259249465a87	d__Bacteria; p__Patescibacteria; c__Saccharimonadia; o__Saccharimonadales; f__Saccharimonadales; g__Saccharimonadales	0.8665618279394417
663ac4d70800bc28c9bf501bd927ec57	d__Bacteria; p__Verrucomicrobiota; c__Verrucomicrobiae; o__Pedosphaerales; f__Pedosphaeraceae; g__DEV114	0.8547371448858657
1afd516c7817330ef0c30c7b3cb27454	d__Bacteria	0.9999999993033579
9bf5cf419e004d0579edabff21b15478	d__Bacteria; p__Bacteroidota; c__Bacteroidia; o__Sphingobacteriales; f__KD3-93; g__KD3-93; s__metagenome	0.7798437312126769
1dbcfff60dcd07917e51ddd14f2fd220	d__Bacteria; p__Bdellovibrionota; c__Bdellovibrionia; o__Bdellovibrionales; f__Bdellovibrionaceae; g__Bdellovibrio	0.9986790232780535
221975aa8d9e4b3ba7f501ca15e417f8	d__Bacteria; p__Bacteroidota; c__Bacteroidia; o__Bacteroidales; f__Bacteroidetes_vadinHA17; g__Bacteroidetes_vadinHA17; s__uncultured_Sphingobacteriia	0.9536505917702821
b73447b8f3b831a3031b26f7efe6d61f	d__Bacteria; p__Patescibacteria; c__Parcubacteria; o__Candidatus_Nomurabacteria; f__Candidatus_Nomurabacteria; g__Candidatus_Nomurabacteria	0.9992301485302212
47120f56d419c15711645b2222150d8d	d__Bacteria; p__Cyanobacteria; c__Cyanobacteriia; o__Chloroplast; f__Chloroplast; g__Chloroplast	0.9936619111712618
1cc97f9963e742d67ae3a8b5013ece3b	d__Bacteria; p__Firmicutes; c__Bacilli; o__Lactobacillales; f__Aerococcaceae; g__Dolosicoccus; s__uncultured_bacterium	0.9999995443445089
78bcfa8afa06aaa38402f97f9fd32455	d__Bacteria; p__Myxococcota; c__Polyangia; o__mle1-27; f__mle1-27; g__mle1-27	0.9906012438974511
805543cac266f58644cd6bc9874b7c4c	d__Bacteria; p__Gemmatimonadota; c__Gemmatimonadetes; o__Gemmatimonadales; f__Gemmatimonadaceae; g__uncultured; s__metagenome	0.8774209432945581
19e8c7b7443cdcadd38c8059b363e3e6	d__Bacteria; p__Bacteroidota; c__Bacteroidia; o__Cytophagales; f__Spirosomaceae; g__uncultured; s__uncultured_bacterium	0.7453947275091619
3bbda8cb5b29d60add62c77ba7bc5f30	d__Bacteria; p__Planctomycetota; c__Phycisphaerae; o__Tepidisphaerales; f__WD2101_soil_group; g__WD2101_soil_group; s__uncultured_bacterium	0.8689279480837467
c6b277639cee2a30a1da95b9337af9cf	d__Bacteria; p__Gemmatimonadota; c__Gemmatimonadetes; o__Gemmatimonadales; f__Gemmatimonadaceae; g__Gemmatimonas	0.9504012011602122
6980fdd1c0dc77df2acf524b7f606809	d__Bacteria; p__Acidobacteriota; c__Holophagae; o__Subgroup_7; f__Subgroup_7; g__Subgroup_7; s__uncultured_Thermaerobacter	0.9065322268168929
6f9f4aa995e48f9e88952689f0c26265	d__Bacteria; p__Patescibacteria; c__Saccharimonadia; o__Saccharimonadales	0.9999871054809659
14969913ac9e872963ab4caa8d15eb85	d__Archaea; p__Halobacterota; c__Halobacteria; o__Halobacterales; f__Halomicrobiaceae; g__Haloarcula	0.9997475594073888
529cc5a5a52e6b8900f4a366e9ce4f92	d__Bacteria; p__Patescibacteria; c__Parcubacteria	0.9992531371421903
7fe908a296173e2a1f2381f181784683	d__Bacteria; p__Chloroflexi; c__Anaerolineae; o__Anaerolineales; f__Anaerolineaceae	0.9989295660708851
61ec77776cef66b7a98abcd4f579bb2e	d__Bacteria; p__Bacteroidota; c__Bacteroidia; o__Bacteroidales; f__Bacteroidetes_vadinHA17; g__Bacteroidetes_vadinHA17	0.9991412222375184
db69b179dc99624913a7db1a96f01f7f	d__Bacteria; p__Proteobacteria; c__Gammaproteobacteria; o__Pseudomonadales; f__Pseudomonadaceae; g__Pseudomonas	0.9995214731689911
067b24e4195633361daffc8fe9a8e9da	d__Archaea; p__Euryarchaeota; c__Methanobacteria; o__Methanobacteriales; f__Methanobacteriaceae; g__Methanobrevibacter	0.9968419148997715
62904ebd060ca5b523d6db40491fff54	d__Bacteria; p__Planctomycetota; c__Planctomycetes; o__Planctomycetales; f__uncultured; g__uncultured; s__metagenome	0.9880073318768074
cbc89ee5751cc7dedb89a534c6d6f157	d__Bacteria; p__Bacteroidota; c__Kapabacteria; o__Kapabacteriales; f__Kapabacteriales; g__Kapabacteriales; s__uncultured_bacterium	0.95517371137
6c280ae8ef4328c4e2f116f88f31a22b	d__Bacteria; p__Firmicutes; c__Bacilli; o__Lactobacillales; f__Streptococcaceae; g__Streptococcus	0.9999929191284617
3ab77e604a8864eba7ab6d0985fdc0dd	d__Bacteria; p__Proteobacteria; c__Alphaproteobacteria; o__Rhodobacterales; f__Rhodobacteraceae; g__Rhodobacter; s__uncultured_Alphaproteobacteria	0.726680444640202
3b55369e33baa98e9f99bf90d18b342a	d__Bacteria; p__Patescibacteria; c__Saccharimonadia; o__Saccharimonadales; f__LWQ8; g__LWQ8; s__uncultured_bacterium	0.7704323082683244
494e17234b4a07198671455b83e6c9a9	d__Bacteria; p__Proteobacteria; c__Gammaproteobacteria; o__Burkholderiales; f__Methylophilaceae	0.9231192872484776
8e1ba06df56a3b55e9f8e3f1353de7a9	d__Bacteria; p__Patescibacteria; c__Parcubacteria; o__Candidatus_Kaiserbacteria; f__Candidatus_Kaiserbacteria; g__Candidatus_Kaiserbacteria; s__uncultured_bacterium	0.7102884542182113
ae20f93104512b19e070fc0a08f0ccf4	Unassigned	0.8596500428485663
f378f1d3c92857ceeef330cd33dd572c	d__Bacteria; p__Proteobacteria; c__Alphaproteobacteria; o__Sphingomonadales; f__Sphingomonadaceae	0.9893405911186043
9a79c4b5ea7123c2fec65bc7984a2ceb	Unassigned	0.4905944725749799
47f0f3d1ed995f499aa2eb8c37453f32	d__Bacteria; p__Bacteroidota; c__Bacteroidia; o__Sphingobacteriales	0.7831625805937911
5979e6a85774487a30f6ce47dd626f9c	d__Bacteria	0.9995532457653828
b15c0b44ec39ace8cf2bf0af181c83f6	d__Bacteria; p__Bacteroidota; c__Bacteroidia; o__Sphingobacteriales	0.9191509716056169
177a34c766d2ce2eff2330e21c4190ad	d__Bacteria; p__Actinobacteriota; c__Actinobacteria; o__Bifidobacteriales; f__Bifidobacteriaceae; g__Bifidobacterium	0.9999983674089973
7eb02a3515a15e0c237e1352b04fd012	d__Archaea; p__Halobacterota; c__Halobacteria; o__Halobacterales; f__Haloferacaceae; g__Halogranum	0.9999221170437754
d1c2175db391258c5e00ef86f809fc7b	d__Bacteria; p__Nitrospirota; c__Nitrospiria; o__Nitrospirales; f__Nitrospiraceae; g__Nitrospira	0.9999999884962913
820613fa4c4777cc9d912f02d9d06680	d__Bacteria; p__Patescibacteria; c__Parcubacteria; o__Candidatus_Kaiserbacteria; f__Candidatus_Kaiserbacteria; g__Candidatus_Kaiserbacteria; s__metagenome	0.7944814419852614
ba5d921c2d35b67e7fc7dfbd372a87f1	d__Bacteria; p__Myxococcota; c__Polyangia; o__Blfdi19; f__Blfdi19; g__Blfdi19; s__metagenome	0.8094298842846982
36c29da32ba988f376be4dc773e1e848	d__Bacteria; p__Bacteroidota; c__Bacteroidia; o__Bacteroidales; f__Bacteroidetes_BD2-2; g__Bacteroidetes_BD2-2	0.7791023795704617
3c80f171fa4d02df3b2aa0fd2dd94a76	Unassigned	0.8293019944792047
e679ac857cd015df1832dfc3db63755e	d__Bacteria; p__Bacteroidota; c__Bacteroidia; o__Bacteroidales; f__Prevotellaceae	0.9332101458051865
e5023de6550507e41b1cb3c956cf21cc	d__Bacteria; p__Chloroflexi; c__Anaerolineae; o__RBG-13-54-9; f__RBG-13-54-9; g__RBG-13-54-9; s__uncultured_eubacterium	0.9248786776128283
998cf24a80976459490d15e88443dce1	d__Bacteria; p__Bacteroidota; c__Bacteroidia; o__Cytophagales; f__Cytophagaceae; g__Cytophaga; s__Hypsibius_dujardini	0.9450686898486306
